index,subject_id,session_id,y_true,y_pred,correct,peak_any
0,0,s0_g0,normal,shuffling_low_cadence,0,40.99085684922442
1,0,s0_g0,normal,normal,1,49.01696023140093
2,0,s0_g0,normal,shuffling_low_cadence,0,38.642891574325574
3,0,s0_g0,normal,left_heel_overload,0,42.884011638758714
4,0,s0_g0,normal,normal,1,35.29093142019924
5,0,s0_g0,normal,shuffling_low_cadence,0,40.647615379915756
6,0,s0_g0,normal,normal,1,50.27399886270322
7,0,s0_g0,normal,left_heel_overload,0,41.73191676479772
8,0,s0_g0,normal,shuffling_low_cadence,0,41.77149260210951
9,0,s0_g0,normal,normal,1,49.313870096375034
10,0,s0_g0,normal,left_heel_overload,0,54.07930660355458
11,0,s0_g0,normal,left_heel_overload,0,52.240342162064536
12,0,s0_g1,left_forefoot_overload,left_forefoot_overload,1,71.90550335741221
13,0,s0_g1,left_forefoot_overload,left_forefoot_overload,1,93.72462477771148
14,0,s0_g1,left_heel_overload,left_forefoot_overload,0,83.20523059635703
15,0,s0_g1,left_forefoot_overload,left_forefoot_overload,1,87.93313688355617
16,0,s0_g1,left_forefoot_overload,left_forefoot_overload,1,127.23111934071717
17,0,s0_g1,left_forefoot_overload,left_forefoot_overload,1,119.63253562139168
18,0,s0_g1,left_forefoot_overload,left_forefoot_overload,1,69.94556523585183
19,0,s0_g1,left_forefoot_overload,left_forefoot_overload,1,67.31477594183195
20,0,s0_g1,left_forefoot_overload,left_forefoot_overload,1,108.85797369763777
21,0,s0_g1,left_forefoot_overload,left_forefoot_overload,1,63.51364846141678
22,0,s0_g1,left_forefoot_overload,left_forefoot_overload,1,58.552299044471724
23,0,s0_g1,left_forefoot_overload,left_forefoot_overload,1,94.73288411640095
24,0,s0_g2,right_forefoot_overload,right_forefoot_overload,1,53.3243455485032
25,0,s0_g2,right_forefoot_overload,right_forefoot_overload,1,45.27291221641525
26,0,s0_g2,right_forefoot_overload,right_forefoot_overload,1,62.564667416557796
27,0,s0_g2,right_forefoot_overload,right_forefoot_overload,1,104.06570873082649
28,0,s0_g2,right_forefoot_overload,right_forefoot_overload,1,81.69776102994102
29,0,s0_g2,right_forefoot_overload,right_forefoot_overload,1,121.03837851142893
30,0,s0_g2,right_forefoot_overload,right_forefoot_overload,1,77.83489568226521
31,0,s0_g2,right_forefoot_overload,right_forefoot_overload,1,87.67330494552372
32,0,s0_g2,right_forefoot_overload,right_forefoot_overload,1,52.275782245059084
33,0,s0_g2,right_forefoot_overload,right_forefoot_overload,1,81.4477365929686
34,0,s0_g2,right_forefoot_overload,right_forefoot_overload,1,65.05345834258225
35,0,s0_g2,right_forefoot_overload,normal,0,47.863763631634185
36,0,s0_g3,left_heel_overload,left_heel_overload,1,101.90153305724512
37,0,s0_g3,left_heel_overload,left_heel_overload,1,114.46887459041919
38,0,s0_g3,left_heel_overload,left_heel_overload,1,94.62622587929529
39,0,s0_g3,left_heel_overload,left_heel_overload,1,88.05908766456251
40,0,s0_g3,left_heel_overload,left_heel_overload,1,81.52381149521108
41,0,s0_g3,left_heel_overload,left_heel_overload,1,116.99405835243935
42,0,s0_g3,left_heel_overload,left_heel_overload,1,65.11745583986256
43,0,s0_g3,left_heel_overload,left_heel_overload,1,137.248945725352
44,0,s0_g3,left_heel_overload,left_heel_overload,1,108.63332779493395
45,0,s0_g3,left_heel_overload,left_heel_overload,1,109.22377796755457
46,0,s0_g3,left_heel_overload,left_heel_overload,1,131.86264886551703
47,0,s0_g3,left_heel_overload,left_heel_overload,1,57.248428318585084
48,0,s0_g4,right_heel_overload,right_heel_overload,1,94.84952926282605
49,0,s0_g4,right_heel_overload,right_heel_overload,1,91.09165822080982
50,0,s0_g4,right_heel_overload,right_heel_overload,1,101.63857635581948
51,0,s0_g4,right_heel_overload,right_heel_overload,1,71.49937061429772
52,0,s0_g4,right_heel_overload,right_heel_overload,1,96.89412753218106
53,0,s0_g4,right_heel_overload,right_heel_overload,1,58.65960003830234
54,0,s0_g4,right_heel_overload,right_heel_overload,1,86.73322503640458
55,0,s0_g4,right_heel_overload,right_heel_overload,1,87.47202267095746
56,0,s0_g4,right_heel_overload,right_heel_overload,1,82.8410611598512
57,0,s0_g4,right_heel_overload,right_heel_overload,1,89.1677750823052
58,0,s0_g4,right_heel_overload,right_heel_overload,1,99.05356380759721
59,0,s0_g4,right_heel_overload,right_heel_overload,1,74.37859471908997
60,0,s0_g5,left_lateral_overload,left_lateral_overload,1,52.97455682702698
61,0,s0_g5,left_lateral_overload,left_lateral_overload,1,61.700292694686084
62,0,s0_g5,left_lateral_overload,left_lateral_overload,1,49.75412783551407
63,0,s0_g5,left_lateral_overload,left_lateral_overload,1,101.33840849988816
64,0,s0_g5,left_lateral_overload,left_lateral_overload,1,96.87080347362775
65,0,s0_g5,left_lateral_overload,left_lateral_overload,1,69.12193581034403
66,0,s0_g5,left_lateral_overload,left_lateral_overload,1,73.40499263724806
67,0,s0_g5,left_lateral_overload,left_lateral_overload,1,66.01476841999558
68,0,s0_g5,left_lateral_overload,left_lateral_overload,1,43.75351421216987
69,0,s0_g5,left_lateral_overload,left_lateral_overload,1,93.26123522440328
70,0,s0_g5,left_lateral_overload,left_lateral_overload,1,59.89716067569512
71,0,s0_g5,left_lateral_overload,left_lateral_overload,1,96.99239175817881
72,0,s0_g6,right_lateral_overload,right_lateral_overload,1,86.19661229683142
73,0,s0_g6,right_lateral_overload,right_lateral_overload,1,88.6669729013693
74,0,s0_g6,right_lateral_overload,right_lateral_overload,1,75.92819742621964
75,0,s0_g6,left_lateral_overload,right_lateral_overload,0,83.99290111100906
76,0,s0_g6,right_lateral_overload,right_lateral_overload,1,51.726523187765025
77,0,s0_g6,right_lateral_overload,right_lateral_overload,1,44.84191884647271
78,0,s0_g6,right_lateral_overload,right_lateral_overload,1,46.20936783158756
79,0,s0_g6,right_lateral_overload,right_lateral_overload,1,47.77636561280326
80,0,s0_g6,right_lateral_overload,right_lateral_overload,1,88.5867819425895
81,0,s0_g6,right_lateral_overload,right_lateral_overload,1,66.6759483693888
82,0,s0_g6,right_lateral_overload,right_lateral_overload,1,66.16573638870412
83,0,s0_g6,right_lateral_overload,right_lateral_overload,1,116.98214294288849
84,0,s0_g7,asymmetric_antalgic,asymmetric_antalgic,1,50.48987424172701
85,0,s0_g7,asymmetric_antalgic,asymmetric_antalgic,1,62.37217120376406
86,0,s0_g7,asymmetric_antalgic,asymmetric_antalgic,1,39.17053299773162
87,0,s0_g7,asymmetric_antalgic,asymmetric_antalgic,1,69.67394214731354
88,0,s0_g7,asymmetric_antalgic,asymmetric_antalgic,1,37.48332798872524
89,0,s0_g7,asymmetric_antalgic,asymmetric_antalgic,1,52.93448815200525
90,0,s0_g7,asymmetric_antalgic,asymmetric_antalgic,1,46.981157712262196
91,0,s0_g7,asymmetric_antalgic,asymmetric_antalgic,1,47.012163442516616
92,0,s0_g7,asymmetric_antalgic,asymmetric_antalgic,1,44.01818306581017
93,0,s0_g7,asymmetric_antalgic,asymmetric_antalgic,1,50.88023788743364
94,0,s0_g7,asymmetric_antalgic,asymmetric_antalgic,1,38.06575558703961
95,0,s0_g7,asymmetric_antalgic,asymmetric_antalgic,1,44.525593727760175
96,0,s0_g8,shuffling_low_cadence,shuffling_low_cadence,1,39.21875010402886
97,0,s0_g8,shuffling_low_cadence,shuffling_low_cadence,1,35.530306461901304
98,0,s0_g8,shuffling_low_cadence,shuffling_low_cadence,1,34.55287664908268
99,0,s0_g8,shuffling_low_cadence,shuffling_low_cadence,1,26.678172977409645
100,0,s0_g8,shuffling_low_cadence,shuffling_low_cadence,1,26.55862140303598
101,0,s0_g8,shuffling_low_cadence,shuffling_low_cadence,1,28.654274412101252
102,0,s0_g8,shuffling_low_cadence,shuffling_low_cadence,1,32.322877472082325
103,0,s0_g8,shuffling_low_cadence,shuffling_low_cadence,1,28.176520332424698
104,0,s0_g8,shuffling_low_cadence,shuffling_low_cadence,1,28.122140383828484
105,0,s0_g8,shuffling_low_cadence,shuffling_low_cadence,1,33.12045055518399
106,0,s0_g8,shuffling_low_cadence,shuffling_low_cadence,1,27.27510953868439
107,0,s0_g8,shuffling_low_cadence,shuffling_low_cadence,1,35.233290493984256
108,1,s1_g0,right_heel_overload,normal,0,44.342727042898304
109,1,s1_g0,left_heel_overload,normal,0,47.07225850915562
110,1,s1_g0,normal,normal,1,44.18017310475734
111,1,s1_g0,normal,normal,1,50.65482209646252
112,1,s1_g0,right_heel_overload,shuffling_low_cadence,0,32.81606415540109
113,1,s1_g0,normal,shuffling_low_cadence,0,36.38617065661397
114,1,s1_g0,normal,shuffling_low_cadence,0,31.834099926006598
115,1,s1_g0,normal,normal,1,41.86128943007974
116,1,s1_g0,normal,shuffling_low_cadence,0,31.633109254392636
117,1,s1_g0,normal,normal,1,43.842664703045095
118,1,s1_g0,normal,shuffling_low_cadence,0,37.67755740181797
119,1,s1_g0,normal,normal,1,45.53940656995308
120,1,s1_g1,left_forefoot_overload,left_forefoot_overload,1,70.41703238817831
121,1,s1_g1,left_forefoot_overload,left_forefoot_overload,1,102.33506886285474
122,1,s1_g1,left_forefoot_overload,left_forefoot_overload,1,83.2278996678843
123,1,s1_g1,left_forefoot_overload,left_forefoot_overload,1,139.59708592147652
124,1,s1_g1,left_forefoot_overload,left_forefoot_overload,1,103.19192562118594
125,1,s1_g1,left_forefoot_overload,left_forefoot_overload,1,52.392586382376386
126,1,s1_g1,left_forefoot_overload,left_forefoot_overload,1,137.14639299804793
127,1,s1_g1,left_forefoot_overload,left_forefoot_overload,1,125.60249607773731
128,1,s1_g1,left_forefoot_overload,left_forefoot_overload,1,85.15152446908462
129,1,s1_g1,left_forefoot_overload,left_forefoot_overload,1,84.42554066654775
130,1,s1_g1,left_forefoot_overload,left_forefoot_overload,1,101.5235825179512
131,1,s1_g1,left_forefoot_overload,left_forefoot_overload,1,101.02948112043224
132,1,s1_g2,right_forefoot_overload,right_forefoot_overload,1,106.07932271027127
133,1,s1_g2,right_forefoot_overload,right_forefoot_overload,1,54.23542611530187
134,1,s1_g2,right_forefoot_overload,right_forefoot_overload,1,73.39857143337589
135,1,s1_g2,right_forefoot_overload,right_forefoot_overload,1,45.15626833210141
136,1,s1_g2,right_forefoot_overload,normal,0,48.28433319094063
137,1,s1_g2,right_forefoot_overload,right_forefoot_overload,1,58.70444357087514
138,1,s1_g2,right_forefoot_overload,right_forefoot_overload,1,79.99713779125472
139,1,s1_g2,right_forefoot_overload,right_forefoot_overload,1,71.45979138090865
140,1,s1_g2,right_forefoot_overload,right_forefoot_overload,1,91.31947535132231
141,1,s1_g2,right_forefoot_overload,right_forefoot_overload,1,49.452492529945104
142,1,s1_g2,right_forefoot_overload,right_forefoot_overload,1,113.32321320294403
143,1,s1_g2,right_forefoot_overload,right_forefoot_overload,1,92.2313109897069
144,1,s1_g3,left_heel_overload,left_heel_overload,1,111.52248705916898
145,1,s1_g3,left_heel_overload,left_heel_overload,1,71.32823197149523
146,1,s1_g3,left_heel_overload,left_heel_overload,1,61.22875370861987
147,1,s1_g3,left_heel_overload,left_heel_overload,1,78.14842280391235
148,1,s1_g3,left_heel_overload,left_heel_overload,1,94.31285044757166
149,1,s1_g3,left_heel_overload,left_heel_overload,1,94.62171259022006
150,1,s1_g3,left_heel_overload,normal,0,40.86814201291262
151,1,s1_g3,left_heel_overload,normal,0,58.031899256909114
152,1,s1_g3,left_heel_overload,left_heel_overload,1,52.22466964648992
153,1,s1_g3,left_heel_overload,left_heel_overload,1,87.48675288942995
154,1,s1_g3,left_heel_overload,left_heel_overload,1,95.46687728788682
155,1,s1_g3,left_heel_overload,left_heel_overload,1,63.76214487671635
156,1,s1_g4,right_heel_overload,right_heel_overload,1,74.86166373269627
157,1,s1_g4,right_heel_overload,right_heel_overload,1,107.78599379361775
158,1,s1_g4,right_heel_overload,right_heel_overload,1,54.89692257869227
159,1,s1_g4,right_heel_overload,right_heel_overload,1,78.18658022215288
160,1,s1_g4,right_heel_overload,right_heel_overload,1,66.23799146052812
161,1,s1_g4,right_heel_overload,shuffling_low_cadence,0,38.43014344133544
162,1,s1_g4,right_heel_overload,right_heel_overload,1,115.4618128102266
163,1,s1_g4,right_heel_overload,right_heel_overload,1,121.38963890064846
164,1,s1_g4,right_heel_overload,right_heel_overload,1,121.51622843517598
165,1,s1_g4,right_heel_overload,right_heel_overload,1,111.09724375347471
166,1,s1_g4,right_heel_overload,left_forefoot_overload,0,51.85447950194564
167,1,s1_g4,right_heel_overload,right_heel_overload,1,59.45712812584392
168,1,s1_g5,left_lateral_overload,left_lateral_overload,1,38.86155666422975
169,1,s1_g5,left_lateral_overload,left_lateral_overload,1,88.41648964067535
170,1,s1_g5,left_lateral_overload,left_lateral_overload,1,61.43009237247399
171,1,s1_g5,left_lateral_overload,left_lateral_overload,1,118.0527382460722
172,1,s1_g5,left_lateral_overload,left_lateral_overload,1,72.69527595729494
173,1,s1_g5,left_lateral_overload,left_lateral_overload,1,72.64892406704396
174,1,s1_g5,left_lateral_overload,left_lateral_overload,1,60.692561438846376
175,1,s1_g5,left_lateral_overload,left_lateral_overload,1,49.68283153917173
176,1,s1_g5,left_lateral_overload,left_lateral_overload,1,131.2637383407567
177,1,s1_g5,left_lateral_overload,left_lateral_overload,1,143.45320467355484
178,1,s1_g5,left_lateral_overload,left_lateral_overload,1,117.98748327755759
179,1,s1_g5,left_lateral_overload,left_lateral_overload,1,45.27937498223089
180,1,s1_g6,right_lateral_overload,right_lateral_overload,1,134.35193067931098
181,1,s1_g6,right_lateral_overload,right_lateral_overload,1,44.45128629077785
182,1,s1_g6,right_lateral_overload,right_lateral_overload,1,93.49276721278143
183,1,s1_g6,right_lateral_overload,right_lateral_overload,1,59.113492172228895
184,1,s1_g6,right_lateral_overload,right_lateral_overload,1,78.71867589596944
185,1,s1_g6,right_lateral_overload,right_lateral_overload,1,109.92670533960215
186,1,s1_g6,right_lateral_overload,right_lateral_overload,1,137.6502343477275
187,1,s1_g6,right_lateral_overload,right_lateral_overload,1,75.82267976848205
188,1,s1_g6,right_lateral_overload,right_lateral_overload,1,104.54244196218183
189,1,s1_g6,right_lateral_overload,right_lateral_overload,1,92.2635634877168
190,1,s1_g6,right_lateral_overload,right_lateral_overload,1,150.41937285428347
191,1,s1_g6,right_lateral_overload,right_lateral_overload,1,123.80859612761837
192,1,s1_g7,asymmetric_antalgic,asymmetric_antalgic,1,35.19556403508861
193,1,s1_g7,asymmetric_antalgic,asymmetric_antalgic,1,33.72603209151952
194,1,s1_g7,shuffling_low_cadence,asymmetric_antalgic,0,53.98822181878252
195,1,s1_g7,asymmetric_antalgic,asymmetric_antalgic,1,38.21394127114507
196,1,s1_g7,asymmetric_antalgic,shuffling_low_cadence,0,31.6825786961971
197,1,s1_g7,asymmetric_antalgic,asymmetric_antalgic,1,42.34016409763531
198,1,s1_g7,asymmetric_antalgic,asymmetric_antalgic,1,42.11464234459194
199,1,s1_g7,asymmetric_antalgic,asymmetric_antalgic,1,45.81958345150915
200,1,s1_g7,asymmetric_antalgic,asymmetric_antalgic,1,48.3809735568892
201,1,s1_g7,asymmetric_antalgic,asymmetric_antalgic,1,47.90408947725728
202,1,s1_g7,asymmetric_antalgic,asymmetric_antalgic,1,33.206993735456535
203,1,s1_g7,asymmetric_antalgic,asymmetric_antalgic,1,37.95724900635494
204,1,s1_g8,shuffling_low_cadence,shuffling_low_cadence,1,33.54085404091258
205,1,s1_g8,shuffling_low_cadence,shuffling_low_cadence,1,35.67708440780344
206,1,s1_g8,shuffling_low_cadence,shuffling_low_cadence,1,33.704833023480134
207,1,s1_g8,shuffling_low_cadence,shuffling_low_cadence,1,25.469838739307775
208,1,s1_g8,shuffling_low_cadence,shuffling_low_cadence,1,30.870575404246175
209,1,s1_g8,shuffling_low_cadence,shuffling_low_cadence,1,29.63064861520902
210,1,s1_g8,shuffling_low_cadence,shuffling_low_cadence,1,26.222529493329617
211,1,s1_g8,shuffling_low_cadence,shuffling_low_cadence,1,27.501356145452288
212,1,s1_g8,shuffling_low_cadence,shuffling_low_cadence,1,31.104260578538145
213,1,s1_g8,shuffling_low_cadence,shuffling_low_cadence,1,25.50810483668806
214,1,s1_g8,shuffling_low_cadence,shuffling_low_cadence,1,29.543640432557236
215,1,s1_g8,shuffling_low_cadence,shuffling_low_cadence,1,30.264173880692983
216,2,s2_g0,normal,normal,1,39.52996882661803
217,2,s2_g0,normal,left_forefoot_overload,0,32.661795708701376
218,2,s2_g0,normal,left_forefoot_overload,0,36.60862456424549
219,2,s2_g0,normal,left_forefoot_overload,0,43.39353719858096
220,2,s2_g0,normal,normal,1,36.88323025336109
221,2,s2_g0,normal,normal,1,45.46490195682472
222,2,s2_g0,normal,normal,1,46.74163081943679
223,2,s2_g0,left_heel_overload,normal,0,43.219762544632864
224,2,s2_g0,normal,normal,1,39.35066787909722
225,2,s2_g0,normal,normal,1,44.08069065657007
226,2,s2_g0,normal,normal,1,41.816004523782645
227,2,s2_g0,normal,normal,1,42.33686835314477
228,2,s2_g1,left_forefoot_overload,left_forefoot_overload,1,66.33467868564031
229,2,s2_g1,left_forefoot_overload,left_forefoot_overload,1,67.19250128830336
230,2,s2_g1,left_forefoot_overload,left_forefoot_overload,1,144.37031174056648
231,2,s2_g1,left_forefoot_overload,left_forefoot_overload,1,106.06230916602294
232,2,s2_g1,left_forefoot_overload,left_forefoot_overload,1,60.414287313808686
233,2,s2_g1,left_forefoot_overload,left_forefoot_overload,1,63.230950488695285
234,2,s2_g1,left_forefoot_overload,left_forefoot_overload,1,78.16806703082229
235,2,s2_g1,left_forefoot_overload,left_forefoot_overload,1,87.77259224210667
236,2,s2_g1,left_forefoot_overload,left_forefoot_overload,1,139.9176761878256
237,2,s2_g1,left_forefoot_overload,left_forefoot_overload,1,62.51769067845712
238,2,s2_g1,left_forefoot_overload,left_forefoot_overload,1,47.27515887953572
239,2,s2_g1,left_forefoot_overload,left_forefoot_overload,1,120.44762893387704
240,2,s2_g2,right_forefoot_overload,right_forefoot_overload,1,117.18097167940358
241,2,s2_g2,right_forefoot_overload,right_forefoot_overload,1,58.89201800158956
242,2,s2_g2,right_forefoot_overload,right_forefoot_overload,1,49.14987606426854
243,2,s2_g2,right_forefoot_overload,right_forefoot_overload,1,53.97445848630563
244,2,s2_g2,right_forefoot_overload,right_forefoot_overload,1,59.065916443654245
245,2,s2_g2,right_forefoot_overload,right_forefoot_overload,1,52.871989930534546
246,2,s2_g2,right_forefoot_overload,right_forefoot_overload,1,93.78750428332025
247,2,s2_g2,right_forefoot_overload,right_forefoot_overload,1,58.303184099633434
248,2,s2_g2,right_forefoot_overload,right_forefoot_overload,1,82.55502306512071
249,2,s2_g2,right_forefoot_overload,right_forefoot_overload,1,72.87801594404041
250,2,s2_g2,right_forefoot_overload,right_forefoot_overload,1,42.440664977893135
251,2,s2_g2,right_forefoot_overload,right_forefoot_overload,1,94.34463274381376
252,2,s2_g3,left_heel_overload,left_heel_overload,1,57.582707112967185
253,2,s2_g3,left_heel_overload,left_heel_overload,1,133.99818897079274
254,2,s2_g3,left_heel_overload,left_heel_overload,1,70.42378461033277
255,2,s2_g3,left_heel_overload,left_heel_overload,1,82.31295800798851
256,2,s2_g3,left_heel_overload,left_heel_overload,1,94.28827480416432
257,2,s2_g3,left_heel_overload,left_heel_overload,1,84.17311778103918
258,2,s2_g3,left_heel_overload,left_heel_overload,1,69.52696381338686
259,2,s2_g3,left_heel_overload,left_heel_overload,1,63.56801783091866
260,2,s2_g3,left_heel_overload,left_heel_overload,1,108.9687371619239
261,2,s2_g3,left_heel_overload,left_heel_overload,1,86.37870391939077
262,2,s2_g3,left_heel_overload,left_heel_overload,1,96.22291643763995
263,2,s2_g3,left_heel_overload,left_heel_overload,1,76.59854706560459
264,2,s2_g4,right_heel_overload,right_heel_overload,1,73.46950908452453
265,2,s2_g4,right_heel_overload,right_heel_overload,1,82.55312968001073
266,2,s2_g4,right_heel_overload,right_heel_overload,1,42.417315086239
267,2,s2_g4,right_heel_overload,right_heel_overload,1,102.51288561062665
268,2,s2_g4,right_heel_overload,right_heel_overload,1,71.8191185275604
269,2,s2_g4,right_heel_overload,right_heel_overload,1,51.1769811171644
270,2,s2_g4,right_heel_overload,right_heel_overload,1,54.582764054154765
271,2,s2_g4,right_heel_overload,right_heel_overload,1,45.957859091260325
272,2,s2_g4,right_heel_overload,right_heel_overload,1,58.635232951756784
273,2,s2_g4,right_heel_overload,right_heel_overload,1,122.4036163180102
274,2,s2_g4,left_forefoot_overload,right_heel_overload,0,43.84991673353623
275,2,s2_g4,right_heel_overload,right_heel_overload,1,52.11175256624586
276,2,s2_g5,left_lateral_overload,left_lateral_overload,1,72.57680077638611
277,2,s2_g5,left_lateral_overload,left_lateral_overload,1,72.59694644269915
278,2,s2_g5,left_lateral_overload,left_lateral_overload,1,61.68520016453302
279,2,s2_g5,left_heel_overload,left_lateral_overload,0,61.16045164030037
280,2,s2_g5,left_lateral_overload,left_lateral_overload,1,45.937535514499714
281,2,s2_g5,left_lateral_overload,left_lateral_overload,1,90.83204964746125
282,2,s2_g5,left_lateral_overload,left_lateral_overload,1,43.324025201962215
283,2,s2_g5,left_lateral_overload,left_lateral_overload,1,82.9443677646445
284,2,s2_g5,left_lateral_overload,left_lateral_overload,1,71.87459681169881
285,2,s2_g5,left_lateral_overload,left_lateral_overload,1,68.208495512185
286,2,s2_g5,left_lateral_overload,left_lateral_overload,1,65.74667084858218
287,2,s2_g5,left_lateral_overload,left_lateral_overload,1,42.08704997810848
288,2,s2_g6,right_lateral_overload,right_lateral_overload,1,72.22246267859842
289,2,s2_g6,right_lateral_overload,right_lateral_overload,1,143.1709038822953
290,2,s2_g6,right_lateral_overload,right_lateral_overload,1,103.62363971258226
291,2,s2_g6,right_lateral_overload,right_lateral_overload,1,83.18829326688673
292,2,s2_g6,right_lateral_overload,right_lateral_overload,1,123.81347112759961
293,2,s2_g6,right_lateral_overload,right_lateral_overload,1,119.7742389899431
294,2,s2_g6,right_lateral_overload,right_lateral_overload,1,65.62717937521906
295,2,s2_g6,right_lateral_overload,right_lateral_overload,1,61.86884956025149
296,2,s2_g6,right_lateral_overload,right_lateral_overload,1,117.05261652862733
297,2,s2_g6,right_lateral_overload,right_lateral_overload,1,73.15575418410664
298,2,s2_g6,right_lateral_overload,right_lateral_overload,1,57.5174787305251
299,2,s2_g6,right_lateral_overload,right_lateral_overload,1,105.70550260885373
300,2,s2_g7,asymmetric_antalgic,asymmetric_antalgic,1,38.097007407992564
301,2,s2_g7,asymmetric_antalgic,asymmetric_antalgic,1,43.854966422784784
302,2,s2_g7,asymmetric_antalgic,asymmetric_antalgic,1,35.88084907944646
303,2,s2_g7,asymmetric_antalgic,asymmetric_antalgic,1,45.21020282790426
304,2,s2_g7,asymmetric_antalgic,asymmetric_antalgic,1,34.523049321767466
305,2,s2_g7,asymmetric_antalgic,asymmetric_antalgic,1,57.51831374328181
306,2,s2_g7,asymmetric_antalgic,asymmetric_antalgic,1,45.903899161739126
307,2,s2_g7,asymmetric_antalgic,asymmetric_antalgic,1,36.427512467653585
308,2,s2_g7,asymmetric_antalgic,asymmetric_antalgic,1,63.17827219060915
309,2,s2_g7,asymmetric_antalgic,asymmetric_antalgic,1,65.50046909220491
310,2,s2_g7,asymmetric_antalgic,asymmetric_antalgic,1,43.00836965621226
311,2,s2_g7,asymmetric_antalgic,shuffling_low_cadence,0,34.01548792004766
312,2,s2_g8,shuffling_low_cadence,normal,0,28.766173627734478
313,2,s2_g8,shuffling_low_cadence,shuffling_low_cadence,1,28.475283665514638
314,2,s2_g8,shuffling_low_cadence,shuffling_low_cadence,1,38.02202362679865
315,2,s2_g8,shuffling_low_cadence,left_forefoot_overload,0,28.38374041415265
316,2,s2_g8,shuffling_low_cadence,left_forefoot_overload,0,27.429823763872115
317,2,s2_g8,shuffling_low_cadence,shuffling_low_cadence,1,30.703129015285157
318,2,s2_g8,shuffling_low_cadence,shuffling_low_cadence,1,27.948172858808483
319,2,s2_g8,shuffling_low_cadence,shuffling_low_cadence,1,32.59290585171035
320,2,s2_g8,normal,shuffling_low_cadence,0,36.8509289816548
321,2,s2_g8,shuffling_low_cadence,shuffling_low_cadence,1,30.72282031020414
322,2,s2_g8,shuffling_low_cadence,shuffling_low_cadence,1,29.372969487154343
323,2,s2_g8,shuffling_low_cadence,shuffling_low_cadence,1,28.41089790812019
324,3,s3_g0,normal,normal,1,42.75042224815741
325,3,s3_g0,normal,normal,1,46.01453968445603
326,3,s3_g0,normal,shuffling_low_cadence,0,37.91481231687346
327,3,s3_g0,normal,normal,1,44.49630213179232
328,3,s3_g0,normal,shuffling_low_cadence,0,31.26970349385665
329,3,s3_g0,normal,normal,1,41.79108310542432
330,3,s3_g0,normal,normal,1,40.266735094983126
331,3,s3_g0,normal,shuffling_low_cadence,0,37.10705618940363
332,3,s3_g0,normal,normal,1,40.80677527631556
333,3,s3_g0,normal,normal,1,38.92574175776443
334,3,s3_g0,normal,normal,1,41.12296676153261
335,3,s3_g0,normal,shuffling_low_cadence,0,42.68340614969146
336,3,s3_g1,left_forefoot_overload,left_forefoot_overload,1,100.42944771592688
337,3,s3_g1,left_forefoot_overload,left_forefoot_overload,1,84.64142339935772
338,3,s3_g1,left_forefoot_overload,left_forefoot_overload,1,78.4923742451895
339,3,s3_g1,left_forefoot_overload,left_forefoot_overload,1,59.813915004313756
340,3,s3_g1,left_forefoot_overload,left_forefoot_overload,1,96.80207562150923
341,3,s3_g1,left_forefoot_overload,left_forefoot_overload,1,96.08197662537466
342,3,s3_g1,left_forefoot_overload,left_forefoot_overload,1,69.41562490326399
343,3,s3_g1,left_forefoot_overload,left_forefoot_overload,1,100.63339997782185
344,3,s3_g1,left_forefoot_overload,left_forefoot_overload,1,73.89798971706509
345,3,s3_g1,left_forefoot_overload,left_forefoot_overload,1,112.33540106134359
346,3,s3_g1,left_forefoot_overload,left_forefoot_overload,1,57.93668593096251
347,3,s3_g1,left_forefoot_overload,left_forefoot_overload,1,60.15054622845296
348,3,s3_g2,right_forefoot_overload,right_forefoot_overload,1,79.03540577354076
349,3,s3_g2,right_forefoot_overload,right_forefoot_overload,1,45.580101665029986
350,3,s3_g2,right_forefoot_overload,right_forefoot_overload,1,74.58940461124656
351,3,s3_g2,right_forefoot_overload,right_forefoot_overload,1,68.80919367435378
352,3,s3_g2,right_forefoot_overload,right_forefoot_overload,1,65.33991881250431
353,3,s3_g2,right_forefoot_overload,right_forefoot_overload,1,68.78779283524678
354,3,s3_g2,right_forefoot_overload,right_forefoot_overload,1,70.69305722026229
355,3,s3_g2,right_forefoot_overload,right_forefoot_overload,1,89.37901986322623
356,3,s3_g2,right_forefoot_overload,right_forefoot_overload,1,76.22308336569792
357,3,s3_g2,right_forefoot_overload,right_forefoot_overload,1,56.63460398057529
358,3,s3_g2,right_forefoot_overload,right_forefoot_overload,1,88.45923027657668
359,3,s3_g2,right_forefoot_overload,right_forefoot_overload,1,84.19010340289228
360,3,s3_g3,left_heel_overload,left_heel_overload,1,57.17334254813475
361,3,s3_g3,left_heel_overload,left_heel_overload,1,57.37765783522497
362,3,s3_g3,left_heel_overload,normal,0,38.30703799750595
363,3,s3_g3,left_heel_overload,left_heel_overload,1,53.93398675411093
364,3,s3_g3,left_heel_overload,left_heel_overload,1,51.83180633191747
365,3,s3_g3,left_heel_overload,left_heel_overload,1,60.203653697105494
366,3,s3_g3,left_heel_overload,left_heel_overload,1,49.94183597803872
367,3,s3_g3,left_heel_overload,left_heel_overload,1,47.92847683625419
368,3,s3_g3,left_heel_overload,left_heel_overload,1,58.05770340512849
369,3,s3_g3,left_heel_overload,left_heel_overload,1,96.30600075208173
370,3,s3_g3,left_heel_overload,left_heel_overload,1,55.9776623690836
371,3,s3_g3,left_heel_overload,left_heel_overload,1,63.473759466182585
372,3,s3_g4,right_heel_overload,right_heel_overload,1,67.22046088919136
373,3,s3_g4,shuffling_low_cadence,right_heel_overload,0,69.19657956650894
374,3,s3_g4,right_heel_overload,shuffling_low_cadence,0,40.14857848024869
375,3,s3_g4,right_heel_overload,right_heel_overload,1,37.942932221064275
376,3,s3_g4,right_heel_overload,right_heel_overload,1,83.31388004363359
377,3,s3_g4,left_forefoot_overload,right_heel_overload,0,51.97687317908539
378,3,s3_g4,right_heel_overload,right_heel_overload,1,62.587486821914716
379,3,s3_g4,right_heel_overload,right_heel_overload,1,44.297600539044325
380,3,s3_g4,right_heel_overload,right_heel_overload,1,58.338073128120165
381,3,s3_g4,right_heel_overload,right_heel_overload,1,64.47443979713425
382,3,s3_g4,right_heel_overload,right_heel_overload,1,78.50002264206132
383,3,s3_g4,right_heel_overload,right_heel_overload,1,76.09885888377228
384,3,s3_g5,left_lateral_overload,normal,0,44.467781676128645
385,3,s3_g5,left_lateral_overload,left_lateral_overload,1,80.4871787502228
386,3,s3_g5,left_lateral_overload,left_lateral_overload,1,37.292650982347425
387,3,s3_g5,left_lateral_overload,left_lateral_overload,1,46.73858905459133
388,3,s3_g5,left_lateral_overload,left_lateral_overload,1,78.51585315103198
389,3,s3_g5,left_lateral_overload,left_lateral_overload,1,41.80766397681164
390,3,s3_g5,left_lateral_overload,left_lateral_overload,1,44.98921980755481
391,3,s3_g5,left_lateral_overload,left_lateral_overload,1,37.3320982318181
392,3,s3_g5,left_lateral_overload,left_lateral_overload,1,87.79425218569966
393,3,s3_g5,left_lateral_overload,left_lateral_overload,1,38.635527456153866
394,3,s3_g5,left_lateral_overload,left_lateral_overload,1,44.35578453740038
395,3,s3_g5,left_lateral_overload,left_lateral_overload,1,44.79468283694047
396,3,s3_g6,right_lateral_overload,right_lateral_overload,1,44.96460655112661
397,3,s3_g6,right_lateral_overload,right_lateral_overload,1,45.108023773909856
398,3,s3_g6,right_lateral_overload,shuffling_low_cadence,0,37.393209438347256
399,3,s3_g6,right_lateral_overload,right_lateral_overload,1,100.238880830658
400,3,s3_g6,right_lateral_overload,right_lateral_overload,1,57.56146635664504
401,3,s3_g6,right_lateral_overload,right_lateral_overload,1,92.58599772441178
402,3,s3_g6,right_lateral_overload,shuffling_low_cadence,0,33.56188936388478
403,3,s3_g6,right_lateral_overload,right_lateral_overload,1,64.86668882027622
404,3,s3_g6,right_lateral_overload,shuffling_low_cadence,0,35.67697769476125
405,3,s3_g6,right_lateral_overload,right_lateral_overload,1,69.3361147906269
406,3,s3_g6,right_lateral_overload,right_lateral_overload,1,81.80030470650189
407,3,s3_g6,right_lateral_overload,right_lateral_overload,1,103.6297457581956
408,3,s3_g7,asymmetric_antalgic,asymmetric_antalgic,1,44.77738573891562
409,3,s3_g7,asymmetric_antalgic,asymmetric_antalgic,1,45.92608552137873
410,3,s3_g7,asymmetric_antalgic,asymmetric_antalgic,1,47.9360445136447
411,3,s3_g7,asymmetric_antalgic,asymmetric_antalgic,1,79.57990726582945
412,3,s3_g7,asymmetric_antalgic,asymmetric_antalgic,1,39.99844951785994
413,3,s3_g7,asymmetric_antalgic,asymmetric_antalgic,1,45.145839387382345
414,3,s3_g7,asymmetric_antalgic,asymmetric_antalgic,1,51.94071435577223
415,3,s3_g7,asymmetric_antalgic,asymmetric_antalgic,1,34.802685763668805
416,3,s3_g7,asymmetric_antalgic,asymmetric_antalgic,1,53.436193491513514
417,3,s3_g7,asymmetric_antalgic,asymmetric_antalgic,1,42.5416887385661
418,3,s3_g7,asymmetric_antalgic,asymmetric_antalgic,1,38.17098782664558
419,3,s3_g7,asymmetric_antalgic,asymmetric_antalgic,1,48.96757340625029
420,3,s3_g8,shuffling_low_cadence,shuffling_low_cadence,1,26.524707221361698
421,3,s3_g8,shuffling_low_cadence,shuffling_low_cadence,1,31.131909791876463
422,3,s3_g8,shuffling_low_cadence,shuffling_low_cadence,1,28.333117094492522
423,3,s3_g8,shuffling_low_cadence,shuffling_low_cadence,1,25.866380531801877
424,3,s3_g8,shuffling_low_cadence,shuffling_low_cadence,1,28.333277093251837
425,3,s3_g8,shuffling_low_cadence,shuffling_low_cadence,1,31.04648721069016
426,3,s3_g8,shuffling_low_cadence,shuffling_low_cadence,1,31.089543351050956
427,3,s3_g8,shuffling_low_cadence,shuffling_low_cadence,1,31.699875072581055
428,3,s3_g8,shuffling_low_cadence,shuffling_low_cadence,1,30.41343746171389
429,3,s3_g8,shuffling_low_cadence,shuffling_low_cadence,1,28.532532323979527
430,3,s3_g8,shuffling_low_cadence,shuffling_low_cadence,1,29.183654647815654
431,3,s3_g8,shuffling_low_cadence,shuffling_low_cadence,1,25.761708193012538
432,4,s4_g0,normal,normal,1,40.05171891950265
433,4,s4_g0,normal,shuffling_low_cadence,0,41.37601128404549
434,4,s4_g0,normal,normal,1,48.54148312004974
435,4,s4_g0,normal,normal,1,47.15858855454097
436,4,s4_g0,normal,normal,1,50.151981425052824
437,4,s4_g0,normal,normal,1,38.942267605641135
438,4,s4_g0,normal,normal,1,48.81131767112649
439,4,s4_g0,normal,normal,1,49.962662081374546
440,4,s4_g0,normal,normal,1,40.64319501533657
441,4,s4_g0,normal,normal,1,41.11331319700007
442,4,s4_g0,normal,normal,1,50.83199856130016
443,4,s4_g0,normal,normal,1,40.84735474568461
444,4,s4_g1,left_forefoot_overload,left_forefoot_overload,1,98.69854058502605
445,4,s4_g1,left_forefoot_overload,left_forefoot_overload,1,84.30266810173362
446,4,s4_g1,left_forefoot_overload,left_forefoot_overload,1,89.2626181433286
447,4,s4_g1,left_forefoot_overload,left_forefoot_overload,1,129.03187001898172
448,4,s4_g1,left_forefoot_overload,left_forefoot_overload,1,79.77355917625266
449,4,s4_g1,left_forefoot_overload,left_forefoot_overload,1,135.9683903135785
450,4,s4_g1,left_forefoot_overload,left_forefoot_overload,1,116.55802115580673
451,4,s4_g1,left_forefoot_overload,left_forefoot_overload,1,160.91449470146003
452,4,s4_g1,left_forefoot_overload,left_forefoot_overload,1,62.968882559518555
453,4,s4_g1,left_forefoot_overload,left_forefoot_overload,1,77.07966655435112
454,4,s4_g1,left_forefoot_overload,left_forefoot_overload,1,84.42683246267181
455,4,s4_g1,left_forefoot_overload,left_forefoot_overload,1,121.27948665345149
456,4,s4_g2,right_forefoot_overload,right_forefoot_overload,1,79.14594861366122
457,4,s4_g2,right_forefoot_overload,right_forefoot_overload,1,89.15649196474637
458,4,s4_g2,right_lateral_overload,right_forefoot_overload,0,80.4548494611944
459,4,s4_g2,right_forefoot_overload,right_forefoot_overload,1,82.77013886734858
460,4,s4_g2,right_forefoot_overload,right_forefoot_overload,1,68.1529814031042
461,4,s4_g2,right_forefoot_overload,right_forefoot_overload,1,116.54780839106222
462,4,s4_g2,right_forefoot_overload,right_forefoot_overload,1,106.2122994558291
463,4,s4_g2,right_forefoot_overload,right_forefoot_overload,1,99.55931133789166
464,4,s4_g2,right_forefoot_overload,right_forefoot_overload,1,99.9542207709361
465,4,s4_g2,right_forefoot_overload,right_forefoot_overload,1,95.60930795629814
466,4,s4_g2,right_forefoot_overload,right_forefoot_overload,1,68.14389628967379
467,4,s4_g2,right_forefoot_overload,right_forefoot_overload,1,89.95232318671103
468,4,s4_g3,left_heel_overload,left_heel_overload,1,59.8488243201265
469,4,s4_g3,left_heel_overload,left_heel_overload,1,89.19348196570444
470,4,s4_g3,left_heel_overload,left_heel_overload,1,69.42721327165565
471,4,s4_g3,left_heel_overload,left_heel_overload,1,90.99919921346006
472,4,s4_g3,left_heel_overload,left_heel_overload,1,94.60400235145532
473,4,s4_g3,left_heel_overload,left_heel_overload,1,73.50991222141903
474,4,s4_g3,left_heel_overload,left_heel_overload,1,87.73201662972693
475,4,s4_g3,left_heel_overload,left_heel_overload,1,100.22784432664176
476,4,s4_g3,left_heel_overload,left_heel_overload,1,58.439237501891554
477,4,s4_g3,left_heel_overload,left_heel_overload,1,99.90125807853177
478,4,s4_g3,left_heel_overload,left_heel_overload,1,86.94696191530603
479,4,s4_g3,left_heel_overload,left_heel_overload,1,59.501237462605786
480,4,s4_g4,right_heel_overload,right_heel_overload,1,82.36739221536237
481,4,s4_g4,right_heel_overload,right_heel_overload,1,92.48787520620274
482,4,s4_g4,right_heel_overload,right_heel_overload,1,47.84848454516294
483,4,s4_g4,right_heel_overload,right_heel_overload,1,56.30370019084063
484,4,s4_g4,right_heel_overload,right_heel_overload,1,117.52651697566439
485,4,s4_g4,right_heel_overload,normal,0,47.99396465358546
486,4,s4_g4,right_heel_overload,right_heel_overload,1,58.87759076943859
487,4,s4_g4,right_heel_overload,right_heel_overload,1,58.77109668426879
488,4,s4_g4,right_heel_overload,right_heel_overload,1,70.55023386295026
489,4,s4_g4,right_heel_overload,right_heel_overload,1,57.59993191210513
490,4,s4_g4,right_heel_overload,right_heel_overload,1,59.26370028528999
491,4,s4_g4,right_heel_overload,right_heel_overload,1,74.68970168939433
492,4,s4_g5,left_lateral_overload,left_lateral_overload,1,51.65502737356213
493,4,s4_g5,left_lateral_overload,left_lateral_overload,1,64.0754386491111
494,4,s4_g5,left_lateral_overload,left_lateral_overload,1,114.62581267161774
495,4,s4_g5,left_lateral_overload,left_lateral_overload,1,95.00442508525683
496,4,s4_g5,left_lateral_overload,left_lateral_overload,1,58.238786211135746
497,4,s4_g5,left_lateral_overload,left_lateral_overload,1,74.7659026775958
498,4,s4_g5,left_lateral_overload,left_lateral_overload,1,64.76464937958703
499,4,s4_g5,left_lateral_overload,left_lateral_overload,1,100.83331230498801
500,4,s4_g5,left_lateral_overload,left_lateral_overload,1,57.844980462778516
501,4,s4_g5,left_lateral_overload,left_lateral_overload,1,127.76606821507283
502,4,s4_g5,left_lateral_overload,left_lateral_overload,1,47.5268507983347
503,4,s4_g5,left_lateral_overload,left_lateral_overload,1,128.27287546870755
504,4,s4_g6,right_lateral_overload,right_lateral_overload,1,71.15195435161698
505,4,s4_g6,right_lateral_overload,right_lateral_overload,1,70.77300144548684
506,4,s4_g6,right_lateral_overload,right_lateral_overload,1,95.79976740303027
507,4,s4_g6,right_lateral_overload,right_lateral_overload,1,69.47703982161907
508,4,s4_g6,right_lateral_overload,right_lateral_overload,1,51.712450357567256
509,4,s4_g6,right_lateral_overload,right_lateral_overload,1,87.12399161646024
510,4,s4_g6,right_lateral_overload,right_lateral_overload,1,93.79844376178353
511,4,s4_g6,right_lateral_overload,right_lateral_overload,1,124.06738556055382
512,4,s4_g6,right_lateral_overload,right_lateral_overload,1,53.48454953483634
513,4,s4_g6,right_lateral_overload,right_lateral_overload,1,72.99052638344229
514,4,s4_g6,right_lateral_overload,right_lateral_overload,1,85.15087781813492
515,4,s4_g6,right_lateral_overload,right_lateral_overload,1,76.21198642311596
516,4,s4_g7,asymmetric_antalgic,asymmetric_antalgic,1,59.86912814917127
517,4,s4_g7,asymmetric_antalgic,asymmetric_antalgic,1,47.42709994444129
518,4,s4_g7,asymmetric_antalgic,asymmetric_antalgic,1,87.52296071015503
519,4,s4_g7,asymmetric_antalgic,asymmetric_antalgic,1,58.30637530289945
520,4,s4_g7,asymmetric_antalgic,asymmetric_antalgic,1,71.89337994737396
521,4,s4_g7,asymmetric_antalgic,asymmetric_antalgic,1,67.1166331521781
522,4,s4_g7,asymmetric_antalgic,asymmetric_antalgic,1,60.10019905088298
523,4,s4_g7,asymmetric_antalgic,asymmetric_antalgic,1,67.16119311209246
524,4,s4_g7,asymmetric_antalgic,asymmetric_antalgic,1,69.25136235201909
525,4,s4_g7,asymmetric_antalgic,asymmetric_antalgic,1,65.8096184819944
526,4,s4_g7,asymmetric_antalgic,asymmetric_antalgic,1,65.25961335320275
527,4,s4_g7,asymmetric_antalgic,asymmetric_antalgic,1,49.152667300909705
528,4,s4_g8,shuffling_low_cadence,shuffling_low_cadence,1,27.00837557334418
529,4,s4_g8,shuffling_low_cadence,shuffling_low_cadence,1,30.89198602133586
530,4,s4_g8,shuffling_low_cadence,shuffling_low_cadence,1,32.86944441462739
531,4,s4_g8,shuffling_low_cadence,shuffling_low_cadence,1,26.640407123141777
532,4,s4_g8,shuffling_low_cadence,shuffling_low_cadence,1,33.97957740479448
533,4,s4_g8,shuffling_low_cadence,shuffling_low_cadence,1,39.33733715306892
534,4,s4_g8,shuffling_low_cadence,shuffling_low_cadence,1,33.83682875084609
535,4,s4_g8,shuffling_low_cadence,shuffling_low_cadence,1,29.657418044769106
536,4,s4_g8,shuffling_low_cadence,shuffling_low_cadence,1,33.95361216804468
537,4,s4_g8,shuffling_low_cadence,shuffling_low_cadence,1,37.470308057791556
538,4,s4_g8,shuffling_low_cadence,shuffling_low_cadence,1,37.446547001045275
539,4,s4_g8,shuffling_low_cadence,shuffling_low_cadence,1,28.827719318907384
540,5,s5_g0,normal,normal,1,32.850728319955216
541,5,s5_g0,normal,shuffling_low_cadence,0,29.09358735539042
542,5,s5_g0,normal,normal,1,34.949665176461096
543,5,s5_g0,normal,normal,1,42.74112168644147
544,5,s5_g0,normal,normal,1,39.688164823956924
545,5,s5_g0,normal,shuffling_low_cadence,0,32.04434780970054
546,5,s5_g0,normal,normal,1,38.84294569034854
547,5,s5_g0,normal,normal,1,41.429437550632116
548,5,s5_g0,normal,normal,1,42.447318475787505
549,5,s5_g0,normal,normal,1,41.70155962726336
550,5,s5_g0,normal,normal,1,41.4299744735521
551,5,s5_g0,normal,shuffling_low_cadence,0,31.064840501799587
552,5,s5_g1,left_forefoot_overload,left_forefoot_overload,1,102.8225966942516
553,5,s5_g1,left_forefoot_overload,left_forefoot_overload,1,62.00917212763214
554,5,s5_g1,left_forefoot_overload,left_forefoot_overload,1,102.32436018088454
555,5,s5_g1,left_forefoot_overload,left_forefoot_overload,1,54.5184860012872
556,5,s5_g1,left_forefoot_overload,left_forefoot_overload,1,53.94839831203828
557,5,s5_g1,left_forefoot_overload,left_forefoot_overload,1,108.76895146758073
558,5,s5_g1,left_forefoot_overload,left_forefoot_overload,1,88.27720326260784
559,5,s5_g1,left_forefoot_overload,left_forefoot_overload,1,58.92035154534946
560,5,s5_g1,left_forefoot_overload,left_forefoot_overload,1,104.15350730228366
561,5,s5_g1,left_forefoot_overload,left_forefoot_overload,1,103.15693996400013
562,5,s5_g1,left_forefoot_overload,left_forefoot_overload,1,83.54461523735229
563,5,s5_g1,left_forefoot_overload,left_forefoot_overload,1,89.45702212795807
564,5,s5_g2,right_forefoot_overload,right_forefoot_overload,1,68.94193199382211
565,5,s5_g2,asymmetric_antalgic,right_forefoot_overload,0,32.39390823559811
566,5,s5_g2,right_forefoot_overload,right_forefoot_overload,1,61.34294024478349
567,5,s5_g2,right_forefoot_overload,right_forefoot_overload,1,77.13902974206917
568,5,s5_g2,right_forefoot_overload,right_forefoot_overload,1,96.45009929747519
569,5,s5_g2,right_forefoot_overload,right_forefoot_overload,1,101.64712816597796
570,5,s5_g2,right_forefoot_overload,right_forefoot_overload,1,49.326295254980835
571,5,s5_g2,right_forefoot_overload,right_forefoot_overload,1,103.89481496709966
572,5,s5_g2,right_forefoot_overload,right_forefoot_overload,1,82.84570441029145
573,5,s5_g2,right_forefoot_overload,right_forefoot_overload,1,38.04225172661622
574,5,s5_g2,right_forefoot_overload,right_forefoot_overload,1,101.92370011609394
575,5,s5_g2,right_forefoot_overload,right_forefoot_overload,1,49.427938375932264
576,5,s5_g3,left_lateral_overload,left_heel_overload,0,59.519958622958605
577,5,s5_g3,left_heel_overload,left_heel_overload,1,72.14627286846522
578,5,s5_g3,left_heel_overload,left_heel_overload,1,71.34594346838293
579,5,s5_g3,left_heel_overload,left_heel_overload,1,53.50309011354641
580,5,s5_g3,left_heel_overload,left_heel_overload,1,77.013696700356
581,5,s5_g3,left_heel_overload,left_heel_overload,1,66.01717838582988
582,5,s5_g3,left_heel_overload,left_heel_overload,1,52.363587621859125
583,5,s5_g3,left_heel_overload,left_heel_overload,1,57.057872045116696
584,5,s5_g3,left_heel_overload,left_heel_overload,1,60.96160949002988
585,5,s5_g3,left_heel_overload,left_heel_overload,1,69.22854368520846
586,5,s5_g3,left_heel_overload,left_heel_overload,1,39.27890676513458
587,5,s5_g3,left_heel_overload,left_heel_overload,1,58.58981175300148
588,5,s5_g4,right_heel_overload,right_heel_overload,1,67.535657905451
589,5,s5_g4,right_heel_overload,right_heel_overload,1,66.86618295468291
590,5,s5_g4,right_heel_overload,right_heel_overload,1,121.89515230428869
591,5,s5_g4,right_heel_overload,right_heel_overload,1,47.67266589143803
592,5,s5_g4,right_heel_overload,right_heel_overload,1,96.35801674652602
593,5,s5_g4,right_heel_overload,right_heel_overload,1,100.24929489701185
594,5,s5_g4,right_heel_overload,right_heel_overload,1,64.43903223602038
595,5,s5_g4,right_heel_overload,right_heel_overload,1,62.684201616506854
596,5,s5_g4,right_heel_overload,right_heel_overload,1,72.70193001790778
597,5,s5_g4,right_heel_overload,right_heel_overload,1,43.241858269587176
598,5,s5_g4,right_heel_overload,right_heel_overload,1,114.38050492932994
599,5,s5_g4,right_heel_overload,right_heel_overload,1,74.14878038421944
600,5,s5_g5,left_lateral_overload,left_lateral_overload,1,111.14598452365696
601,5,s5_g5,left_lateral_overload,normal,0,40.267846013260815
602,5,s5_g5,left_lateral_overload,left_lateral_overload,1,78.26084752435713
603,5,s5_g5,left_lateral_overload,left_lateral_overload,1,88.5683729460255
604,5,s5_g5,left_lateral_overload,left_lateral_overload,1,79.63882750908704
605,5,s5_g5,left_lateral_overload,shuffling_low_cadence,0,43.62748378174266
606,5,s5_g5,left_lateral_overload,left_lateral_overload,1,105.77928022888591
607,5,s5_g5,right_forefoot_overload,left_lateral_overload,0,62.69893645629223
608,5,s5_g5,left_lateral_overload,left_lateral_overload,1,84.26231872957707
609,5,s5_g5,left_lateral_overload,left_lateral_overload,1,58.64477828287206
610,5,s5_g5,left_lateral_overload,right_forefoot_overload,0,41.86989120239877
611,5,s5_g5,left_lateral_overload,left_lateral_overload,1,71.07092309167844
612,5,s5_g6,right_lateral_overload,shuffling_low_cadence,0,35.99247009895412
613,5,s5_g6,right_lateral_overload,right_lateral_overload,1,51.79593926616285
614,5,s5_g6,right_lateral_overload,right_lateral_overload,1,44.10607970052351
615,5,s5_g6,right_lateral_overload,right_lateral_overload,1,41.20153640018204
616,5,s5_g6,right_lateral_overload,right_lateral_overload,1,98.10227215202329
617,5,s5_g6,right_lateral_overload,normal,0,37.66492187068439
618,5,s5_g6,right_lateral_overload,right_lateral_overload,1,58.54464665845914
619,5,s5_g6,right_lateral_overload,right_lateral_overload,1,71.04412708141798
620,5,s5_g6,right_lateral_overload,right_forefoot_overload,0,32.18623972037563
621,5,s5_g6,right_lateral_overload,shuffling_low_cadence,0,35.07964070948496
622,5,s5_g6,right_lateral_overload,right_lateral_overload,1,53.518069428581384
623,5,s5_g6,right_lateral_overload,right_lateral_overload,1,39.51053386718422
624,5,s5_g7,asymmetric_antalgic,asymmetric_antalgic,1,50.515698967571865
625,5,s5_g7,asymmetric_antalgic,shuffling_low_cadence,0,30.08902268522947
626,5,s5_g7,asymmetric_antalgic,asymmetric_antalgic,1,37.02728886394832
627,5,s5_g7,asymmetric_antalgic,asymmetric_antalgic,1,33.999760918909516
628,5,s5_g7,asymmetric_antalgic,shuffling_low_cadence,0,32.053420699247596
629,5,s5_g7,asymmetric_antalgic,asymmetric_antalgic,1,51.5145680898938
630,5,s5_g7,asymmetric_antalgic,asymmetric_antalgic,1,37.696216253913086
631,5,s5_g7,asymmetric_antalgic,normal,0,31.4633659822049
632,5,s5_g7,asymmetric_antalgic,asymmetric_antalgic,1,28.594903075498003
633,5,s5_g7,asymmetric_antalgic,shuffling_low_cadence,0,27.94502043148026
634,5,s5_g7,asymmetric_antalgic,shuffling_low_cadence,0,25.157103664190082
635,5,s5_g7,asymmetric_antalgic,asymmetric_antalgic,1,35.99386784323457
636,5,s5_g8,shuffling_low_cadence,shuffling_low_cadence,1,30.970457112784384
637,5,s5_g8,shuffling_low_cadence,shuffling_low_cadence,1,29.74761495606148
638,5,s5_g8,shuffling_low_cadence,shuffling_low_cadence,1,26.583062782525612
639,5,s5_g8,shuffling_low_cadence,shuffling_low_cadence,1,30.845005216458496
640,5,s5_g8,shuffling_low_cadence,shuffling_low_cadence,1,26.870774819318836
641,5,s5_g8,shuffling_low_cadence,shuffling_low_cadence,1,22.847652651931057
642,5,s5_g8,shuffling_low_cadence,shuffling_low_cadence,1,27.4735277433945
643,5,s5_g8,shuffling_low_cadence,shuffling_low_cadence,1,26.091627570893245
644,5,s5_g8,shuffling_low_cadence,shuffling_low_cadence,1,30.37818173622386
645,5,s5_g8,shuffling_low_cadence,shuffling_low_cadence,1,23.78496625093269
646,5,s5_g8,shuffling_low_cadence,shuffling_low_cadence,1,28.902280423524786
647,5,s5_g8,shuffling_low_cadence,shuffling_low_cadence,1,29.754313679015134
648,6,s6_g0,normal,normal,1,28.09562261416171
649,6,s6_g0,normal,normal,1,36.665818975491206
650,6,s6_g0,normal,normal,1,36.74890902918795
651,6,s6_g0,normal,normal,1,41.893298154265686
652,6,s6_g0,normal,normal,1,47.14089768357427
653,6,s6_g0,normal,normal,1,36.12054744252832
654,6,s6_g0,normal,shuffling_low_cadence,0,30.06616702044769
655,6,s6_g0,normal,normal,1,36.04145027942896
656,6,s6_g0,normal,shuffling_low_cadence,0,29.76024872316827
657,6,s6_g0,normal,normal,1,47.89104575942244
658,6,s6_g0,normal,normal,1,43.82926471852511
659,6,s6_g0,normal,shuffling_low_cadence,0,33.38988103197892
660,6,s6_g1,left_forefoot_overload,left_forefoot_overload,1,61.70384657370052
661,6,s6_g1,left_forefoot_overload,left_forefoot_overload,1,71.3438735290869
662,6,s6_g1,left_forefoot_overload,left_forefoot_overload,1,68.49626821600711
663,6,s6_g1,left_forefoot_overload,left_forefoot_overload,1,76.46272509924503
664,6,s6_g1,left_forefoot_overload,left_forefoot_overload,1,123.18577870507805
665,6,s6_g1,left_forefoot_overload,left_forefoot_overload,1,91.93108450799392
666,6,s6_g1,left_forefoot_overload,left_forefoot_overload,1,69.11549857112333
667,6,s6_g1,left_forefoot_overload,normal,0,46.25670053439101
668,6,s6_g1,left_forefoot_overload,left_forefoot_overload,1,113.02806475849258
669,6,s6_g1,left_forefoot_overload,left_forefoot_overload,1,72.38669345300582
670,6,s6_g1,left_forefoot_overload,left_forefoot_overload,1,80.88040841791644
671,6,s6_g1,left_forefoot_overload,left_forefoot_overload,1,68.46853550365196
672,6,s6_g2,right_forefoot_overload,right_forefoot_overload,1,104.95857075697856
673,6,s6_g2,right_forefoot_overload,right_forefoot_overload,1,68.58328841504714
674,6,s6_g2,right_forefoot_overload,right_forefoot_overload,1,93.23624894395122
675,6,s6_g2,right_forefoot_overload,right_forefoot_overload,1,106.14502038034524
676,6,s6_g2,right_forefoot_overload,right_forefoot_overload,1,104.64982445468235
677,6,s6_g2,right_forefoot_overload,right_forefoot_overload,1,55.93514482457371
678,6,s6_g2,right_forefoot_overload,right_forefoot_overload,1,84.15337351473106
679,6,s6_g2,right_forefoot_overload,right_forefoot_overload,1,83.91983072249872
680,6,s6_g2,right_forefoot_overload,right_forefoot_overload,1,115.98191436512438
681,6,s6_g2,right_forefoot_overload,right_forefoot_overload,1,95.60410947439031
682,6,s6_g2,right_forefoot_overload,right_forefoot_overload,1,101.65443995504751
683,6,s6_g2,right_forefoot_overload,right_forefoot_overload,1,112.78287519086174
684,6,s6_g3,left_heel_overload,left_heel_overload,1,92.52599736243252
685,6,s6_g3,left_heel_overload,left_heel_overload,1,41.189365704881894
686,6,s6_g3,left_heel_overload,left_heel_overload,1,42.3544897517459
687,6,s6_g3,left_heel_overload,left_heel_overload,1,95.10705426856036
688,6,s6_g3,left_heel_overload,left_heel_overload,1,90.83021057257866
689,6,s6_g3,left_heel_overload,left_heel_overload,1,55.89251317782507
690,6,s6_g3,left_heel_overload,left_heel_overload,1,81.86026623795634
691,6,s6_g3,left_heel_overload,left_heel_overload,1,54.55573932995074
692,6,s6_g3,left_heel_overload,left_heel_overload,1,132.01966569795053
693,6,s6_g3,left_heel_overload,left_heel_overload,1,91.0739489571897
694,6,s6_g3,left_heel_overload,left_heel_overload,1,59.0808952986199
695,6,s6_g3,left_heel_overload,left_heel_overload,1,58.2592227669853
696,6,s6_g4,right_heel_overload,right_heel_overload,1,68.15007809535601
697,6,s6_g4,right_heel_overload,right_heel_overload,1,58.156254314513504
698,6,s6_g4,right_heel_overload,right_heel_overload,1,87.50713106970781
699,6,s6_g4,right_heel_overload,right_heel_overload,1,80.31620267321144
700,6,s6_g4,right_heel_overload,right_heel_overload,1,91.81484070789577
701,6,s6_g4,right_heel_overload,right_heel_overload,1,56.81371414681363
702,6,s6_g4,right_heel_overload,right_heel_overload,1,77.36983099319706
703,6,s6_g4,right_heel_overload,right_heel_overload,1,100.06575509620083
704,6,s6_g4,right_heel_overload,right_heel_overload,1,50.36060518044842
705,6,s6_g4,right_heel_overload,right_heel_overload,1,79.5357939134561
706,6,s6_g4,right_heel_overload,right_heel_overload,1,57.10455654610517
707,6,s6_g4,right_heel_overload,right_heel_overload,1,62.63006296833192
708,6,s6_g5,left_lateral_overload,left_lateral_overload,1,108.00263412644333
709,6,s6_g5,left_lateral_overload,left_lateral_overload,1,80.7446934188095
710,6,s6_g5,left_lateral_overload,left_lateral_overload,1,42.61756044247397
711,6,s6_g5,left_lateral_overload,left_lateral_overload,1,51.77872948250551
712,6,s6_g5,left_lateral_overload,left_lateral_overload,1,81.04017867365613
713,6,s6_g5,left_lateral_overload,left_lateral_overload,1,55.24421440393636
714,6,s6_g5,left_lateral_overload,left_lateral_overload,1,47.31446600678974
715,6,s6_g5,left_lateral_overload,left_lateral_overload,1,78.1895166558726
716,6,s6_g5,left_lateral_overload,left_lateral_overload,1,50.56887055060665
717,6,s6_g5,left_lateral_overload,left_lateral_overload,1,83.79189064211724
718,6,s6_g5,left_lateral_overload,left_lateral_overload,1,112.78418286333567
719,6,s6_g5,left_lateral_overload,left_lateral_overload,1,84.0074947899442
720,6,s6_g6,right_lateral_overload,right_lateral_overload,1,50.64561054183879
721,6,s6_g6,right_lateral_overload,right_lateral_overload,1,135.0052039981451
722,6,s6_g6,right_lateral_overload,right_lateral_overload,1,100.0533058242627
723,6,s6_g6,shuffling_low_cadence,right_lateral_overload,0,75.3094092421938
724,6,s6_g6,right_lateral_overload,right_lateral_overload,1,60.690960062747784
725,6,s6_g6,asymmetric_antalgic,right_lateral_overload,0,68.07697847496918
726,6,s6_g6,right_forefoot_overload,right_lateral_overload,0,118.94441485509807
727,6,s6_g6,right_lateral_overload,right_lateral_overload,1,35.435006557107975
728,6,s6_g6,right_lateral_overload,right_lateral_overload,1,55.13049295456378
729,6,s6_g6,right_lateral_overload,right_lateral_overload,1,86.21371218465505
730,6,s6_g6,right_lateral_overload,right_lateral_overload,1,116.45185901235541
731,6,s6_g6,right_lateral_overload,right_lateral_overload,1,76.20172677377215
732,6,s6_g7,asymmetric_antalgic,asymmetric_antalgic,1,36.060880723639244
733,6,s6_g7,asymmetric_antalgic,asymmetric_antalgic,1,41.109920740207116
734,6,s6_g7,asymmetric_antalgic,asymmetric_antalgic,1,41.19945309772984
735,6,s6_g7,asymmetric_antalgic,asymmetric_antalgic,1,35.35561383552579
736,6,s6_g7,asymmetric_antalgic,asymmetric_antalgic,1,43.83764119248443
737,6,s6_g7,asymmetric_antalgic,asymmetric_antalgic,1,60.923300932722675
738,6,s6_g7,asymmetric_antalgic,asymmetric_antalgic,1,48.93217130067479
739,6,s6_g7,asymmetric_antalgic,asymmetric_antalgic,1,35.8889833316535
740,6,s6_g7,asymmetric_antalgic,asymmetric_antalgic,1,39.95936688986229
741,6,s6_g7,asymmetric_antalgic,asymmetric_antalgic,1,43.6583521128337
742,6,s6_g7,asymmetric_antalgic,asymmetric_antalgic,1,60.11366185662197
743,6,s6_g7,asymmetric_antalgic,asymmetric_antalgic,1,40.12795072682769
744,6,s6_g8,shuffling_low_cadence,shuffling_low_cadence,1,29.321020870466402
745,6,s6_g8,shuffling_low_cadence,shuffling_low_cadence,1,32.07884401492004
746,6,s6_g8,shuffling_low_cadence,shuffling_low_cadence,1,23.73571985523035
747,6,s6_g8,shuffling_low_cadence,shuffling_low_cadence,1,33.385771091605285
748,6,s6_g8,shuffling_low_cadence,shuffling_low_cadence,1,22.174326870297918
749,6,s6_g8,shuffling_low_cadence,shuffling_low_cadence,1,32.321371328003366
750,6,s6_g8,shuffling_low_cadence,shuffling_low_cadence,1,24.850114033166086
751,6,s6_g8,shuffling_low_cadence,shuffling_low_cadence,1,30.704886548491704
752,6,s6_g8,shuffling_low_cadence,shuffling_low_cadence,1,29.42082622665619
753,6,s6_g8,shuffling_low_cadence,shuffling_low_cadence,1,33.20310844769314
754,6,s6_g8,shuffling_low_cadence,shuffling_low_cadence,1,31.211080002955065
755,6,s6_g8,shuffling_low_cadence,shuffling_low_cadence,1,24.320231305887766
756,7,s7_g0,normal,right_heel_overload,0,43.156723621148004
757,7,s7_g0,normal,right_heel_overload,0,51.42276131212341
758,7,s7_g0,normal,right_heel_overload,0,53.499316139894475
759,7,s7_g0,normal,right_heel_overload,0,57.70058455494406
760,7,s7_g0,normal,normal,1,46.0859516785755
761,7,s7_g0,normal,right_heel_overload,0,54.366795562711026
762,7,s7_g0,normal,normal,1,46.04891514908974
763,7,s7_g0,right_heel_overload,normal,0,48.554956652311525
764,7,s7_g0,normal,normal,1,56.23709638056733
765,7,s7_g0,normal,right_heel_overload,0,56.830446485010434
766,7,s7_g0,normal,normal,1,46.438197977322474
767,7,s7_g0,normal,normal,1,44.505402300563134
768,7,s7_g1,left_forefoot_overload,left_forefoot_overload,1,69.98538146496878
769,7,s7_g1,left_forefoot_overload,left_forefoot_overload,1,123.04263723644132
770,7,s7_g1,left_forefoot_overload,left_forefoot_overload,1,84.6595318191731
771,7,s7_g1,left_forefoot_overload,left_forefoot_overload,1,130.6576332269905
772,7,s7_g1,normal,left_forefoot_overload,0,86.49602866892604
773,7,s7_g1,left_forefoot_overload,left_forefoot_overload,1,107.4740379235571
774,7,s7_g1,left_forefoot_overload,left_forefoot_overload,1,94.98453683134144
775,7,s7_g1,left_forefoot_overload,left_forefoot_overload,1,114.79925969859578
776,7,s7_g1,left_forefoot_overload,left_forefoot_overload,1,112.1886498449668
777,7,s7_g1,left_forefoot_overload,left_forefoot_overload,1,98.57391977107508
778,7,s7_g1,left_forefoot_overload,left_forefoot_overload,1,100.6304262966164
779,7,s7_g1,left_forefoot_overload,left_forefoot_overload,1,79.40343214929926
780,7,s7_g2,right_forefoot_overload,right_forefoot_overload,1,76.91294897962528
781,7,s7_g2,right_forefoot_overload,right_forefoot_overload,1,76.01773614060201
782,7,s7_g2,right_forefoot_overload,right_forefoot_overload,1,69.03997464571967
783,7,s7_g2,right_forefoot_overload,right_forefoot_overload,1,81.59632734686797
784,7,s7_g2,right_forefoot_overload,normal,0,53.28201726259141
785,7,s7_g2,right_forefoot_overload,right_forefoot_overload,1,64.2571560678402
786,7,s7_g2,right_forefoot_overload,normal,0,54.034798909714794
787,7,s7_g2,right_forefoot_overload,right_forefoot_overload,1,70.90233070487415
788,7,s7_g2,right_forefoot_overload,right_forefoot_overload,1,91.28395356841037
789,7,s7_g2,right_forefoot_overload,right_forefoot_overload,1,102.51477349593239
790,7,s7_g2,right_forefoot_overload,right_forefoot_overload,1,61.59080956853719
791,7,s7_g2,right_forefoot_overload,right_forefoot_overload,1,74.86815397535588
792,7,s7_g3,left_heel_overload,left_heel_overload,1,72.59879548915538
793,7,s7_g3,left_heel_overload,left_heel_overload,1,71.44476387122812
794,7,s7_g3,left_heel_overload,left_heel_overload,1,79.29835245947899
795,7,s7_g3,left_heel_overload,left_heel_overload,1,104.69298630865676
796,7,s7_g3,left_heel_overload,left_heel_overload,1,137.43495931743982
797,7,s7_g3,left_heel_overload,left_heel_overload,1,127.31754740202233
798,7,s7_g3,left_heel_overload,left_heel_overload,1,146.86175243810828
799,7,s7_g3,left_heel_overload,left_heel_overload,1,97.40250826898503
800,7,s7_g3,left_heel_overload,left_heel_overload,1,105.62022639589425
801,7,s7_g3,left_heel_overload,left_heel_overload,1,77.25426243978201
802,7,s7_g3,left_heel_overload,left_heel_overload,1,87.66150034521227
803,7,s7_g3,normal,left_heel_overload,0,138.73584656596447
804,7,s7_g4,left_lateral_overload,right_heel_overload,0,119.14381131314477
805,7,s7_g4,right_heel_overload,right_heel_overload,1,150.4893592402251
806,7,s7_g4,left_heel_overload,right_heel_overload,0,65.17601156477362
807,7,s7_g4,right_heel_overload,right_heel_overload,1,63.91729522339283
808,7,s7_g4,right_heel_overload,right_heel_overload,1,87.48840244708816
809,7,s7_g4,right_heel_overload,right_heel_overload,1,111.42859151825766
810,7,s7_g4,left_forefoot_overload,right_heel_overload,0,79.73238415513546
811,7,s7_g4,right_heel_overload,right_heel_overload,1,82.49089621211422
812,7,s7_g4,right_heel_overload,right_heel_overload,1,119.31795294364758
813,7,s7_g4,right_heel_overload,right_heel_overload,1,101.74951986117628
814,7,s7_g4,right_heel_overload,right_heel_overload,1,147.04886088337514
815,7,s7_g4,right_heel_overload,right_heel_overload,1,78.77753697339949
816,7,s7_g5,left_lateral_overload,left_lateral_overload,1,58.21124913560137
817,7,s7_g5,left_lateral_overload,left_lateral_overload,1,63.95083533310701
818,7,s7_g5,left_lateral_overload,left_lateral_overload,1,71.1848234379837
819,7,s7_g5,left_lateral_overload,left_lateral_overload,1,71.96477943409171
820,7,s7_g5,left_lateral_overload,left_lateral_overload,1,79.80415354496265
821,7,s7_g5,left_lateral_overload,left_lateral_overload,1,90.63407750100048
822,7,s7_g5,left_lateral_overload,left_lateral_overload,1,134.49152103401954
823,7,s7_g5,left_lateral_overload,left_lateral_overload,1,86.75369195772225
824,7,s7_g5,left_lateral_overload,left_lateral_overload,1,149.62160962426412
825,7,s7_g5,left_lateral_overload,left_lateral_overload,1,58.63996696518413
826,7,s7_g5,left_lateral_overload,left_lateral_overload,1,70.6777106100822
827,7,s7_g5,left_lateral_overload,left_lateral_overload,1,62.48144243179351
828,7,s7_g6,right_lateral_overload,right_lateral_overload,1,110.03237968345611
829,7,s7_g6,right_lateral_overload,right_lateral_overload,1,103.21636256000983
830,7,s7_g6,right_lateral_overload,right_lateral_overload,1,94.54507285737145
831,7,s7_g6,right_lateral_overload,right_lateral_overload,1,161.45301057607725
832,7,s7_g6,right_lateral_overload,right_lateral_overload,1,45.29249909808064
833,7,s7_g6,right_lateral_overload,right_lateral_overload,1,83.4316583747905
834,7,s7_g6,right_lateral_overload,right_lateral_overload,1,70.51906006046764
835,7,s7_g6,right_lateral_overload,right_lateral_overload,1,70.93134252325174
836,7,s7_g6,right_lateral_overload,right_lateral_overload,1,74.27254401823677
837,7,s7_g6,right_lateral_overload,right_lateral_overload,1,102.6278150036431
838,7,s7_g6,right_lateral_overload,right_lateral_overload,1,85.44676833563416
839,7,s7_g6,right_lateral_overload,right_lateral_overload,1,82.12681392276096
840,7,s7_g7,asymmetric_antalgic,asymmetric_antalgic,1,53.6573276859776
841,7,s7_g7,asymmetric_antalgic,asymmetric_antalgic,1,56.36289587346568
842,7,s7_g7,asymmetric_antalgic,asymmetric_antalgic,1,42.02328651591501
843,7,s7_g7,asymmetric_antalgic,asymmetric_antalgic,1,49.746293513601834
844,7,s7_g7,asymmetric_antalgic,asymmetric_antalgic,1,37.60698896567577
845,7,s7_g7,asymmetric_antalgic,asymmetric_antalgic,1,48.67854412880314
846,7,s7_g7,asymmetric_antalgic,asymmetric_antalgic,1,50.70444820100094
847,7,s7_g7,asymmetric_antalgic,asymmetric_antalgic,1,46.673172870463006
848,7,s7_g7,asymmetric_antalgic,asymmetric_antalgic,1,44.37609985370421
849,7,s7_g7,asymmetric_antalgic,right_lateral_overload,0,52.816443918498145
850,7,s7_g7,normal,asymmetric_antalgic,0,48.75409014888836
851,7,s7_g7,asymmetric_antalgic,asymmetric_antalgic,1,41.47406031588227
852,7,s7_g8,shuffling_low_cadence,shuffling_low_cadence,1,34.08130309441745
853,7,s7_g8,shuffling_low_cadence,shuffling_low_cadence,1,34.50528433112539
854,7,s7_g8,shuffling_low_cadence,right_lateral_overload,0,35.286548448918936
855,7,s7_g8,shuffling_low_cadence,shuffling_low_cadence,1,34.645836080806944
856,7,s7_g8,shuffling_low_cadence,shuffling_low_cadence,1,30.399501886643208
857,7,s7_g8,shuffling_low_cadence,shuffling_low_cadence,1,30.733865596042826
858,7,s7_g8,shuffling_low_cadence,shuffling_low_cadence,1,37.475207808389264
859,7,s7_g8,right_lateral_overload,right_lateral_overload,1,36.68543439256763
860,7,s7_g8,shuffling_low_cadence,right_lateral_overload,0,34.838120527277724
861,7,s7_g8,shuffling_low_cadence,right_lateral_overload,0,34.284132997102496
862,7,s7_g8,shuffling_low_cadence,shuffling_low_cadence,1,37.149862222537465
863,7,s7_g8,shuffling_low_cadence,shuffling_low_cadence,1,37.025625146998266
864,8,s8_g0,normal,normal,1,40.069423989992025
865,8,s8_g0,normal,normal,1,40.75359752222873
866,8,s8_g0,normal,normal,1,37.85426580567783
867,8,s8_g0,normal,normal,1,32.514827128615046
868,8,s8_g0,normal,asymmetric_antalgic,0,38.05049606227646
869,8,s8_g0,normal,normal,1,43.93504734285011
870,8,s8_g0,normal,normal,1,46.29543788582106
871,8,s8_g0,normal,normal,1,42.4387062341383
872,8,s8_g0,normal,asymmetric_antalgic,0,43.737020315482795
873,8,s8_g0,normal,normal,1,42.65271375419053
874,8,s8_g0,normal,shuffling_low_cadence,0,32.984388687991284
875,8,s8_g0,normal,normal,1,39.09752419874209
876,8,s8_g1,left_forefoot_overload,left_forefoot_overload,1,55.92661969122756
877,8,s8_g1,left_forefoot_overload,left_forefoot_overload,1,62.02167562958216
878,8,s8_g1,left_forefoot_overload,left_forefoot_overload,1,64.5633048888379
879,8,s8_g1,left_forefoot_overload,left_forefoot_overload,1,58.653433584110225
880,8,s8_g1,left_forefoot_overload,left_forefoot_overload,1,59.63054282730404
881,8,s8_g1,left_forefoot_overload,left_forefoot_overload,1,56.1313477353557
882,8,s8_g1,left_forefoot_overload,left_forefoot_overload,1,65.97462107823618
883,8,s8_g1,left_forefoot_overload,left_forefoot_overload,1,71.81941660076748
884,8,s8_g1,left_forefoot_overload,left_forefoot_overload,1,77.15222447746935
885,8,s8_g1,left_forefoot_overload,left_forefoot_overload,1,61.391499000980524
886,8,s8_g1,left_forefoot_overload,left_forefoot_overload,1,58.77216471322885
887,8,s8_g1,left_forefoot_overload,normal,0,42.5080576126643
888,8,s8_g2,right_forefoot_overload,right_forefoot_overload,1,90.05659960329024
889,8,s8_g2,right_forefoot_overload,asymmetric_antalgic,0,72.37767545260729
890,8,s8_g2,right_forefoot_overload,right_forefoot_overload,1,80.8500598830804
891,8,s8_g2,right_forefoot_overload,right_forefoot_overload,1,127.46640315885809
892,8,s8_g2,right_forefoot_overload,asymmetric_antalgic,0,60.40092166571802
893,8,s8_g2,right_forefoot_overload,right_forefoot_overload,1,57.765292920412875
894,8,s8_g2,right_forefoot_overload,right_forefoot_overload,1,114.8636209236924
895,8,s8_g2,right_forefoot_overload,right_forefoot_overload,1,66.53894788932651
896,8,s8_g2,right_forefoot_overload,right_forefoot_overload,1,73.6505836997814
897,8,s8_g2,right_forefoot_overload,asymmetric_antalgic,0,47.110703035984145
898,8,s8_g2,right_forefoot_overload,right_forefoot_overload,1,55.55179256261308
899,8,s8_g2,right_forefoot_overload,asymmetric_antalgic,0,51.64752678145739
900,8,s8_g3,left_heel_overload,left_heel_overload,1,54.6220358510215
901,8,s8_g3,left_heel_overload,left_heel_overload,1,82.92785719535797
902,8,s8_g3,left_heel_overload,left_heel_overload,1,68.00359324069713
903,8,s8_g3,left_heel_overload,left_heel_overload,1,73.4704933241733
904,8,s8_g3,left_heel_overload,left_heel_overload,1,57.74815809189528
905,8,s8_g3,left_heel_overload,left_heel_overload,1,52.08761298586508
906,8,s8_g3,left_heel_overload,left_heel_overload,1,59.96931696634348
907,8,s8_g3,left_heel_overload,left_heel_overload,1,72.20058647630846
908,8,s8_g3,left_heel_overload,left_heel_overload,1,129.8155594378599
909,8,s8_g3,left_heel_overload,left_heel_overload,1,93.17483241060555
910,8,s8_g3,left_heel_overload,left_heel_overload,1,81.12229816641346
911,8,s8_g3,left_heel_overload,left_heel_overload,1,81.7881514161187
912,8,s8_g4,right_heel_overload,right_heel_overload,1,53.01159285998034
913,8,s8_g4,right_heel_overload,right_heel_overload,1,106.6639325876305
914,8,s8_g4,right_heel_overload,right_heel_overload,1,77.15270542311443
915,8,s8_g4,right_heel_overload,right_heel_overload,1,74.15862164378852
916,8,s8_g4,right_heel_overload,right_heel_overload,1,102.95592471444338
917,8,s8_g4,right_heel_overload,right_heel_overload,1,66.55087151723701
918,8,s8_g4,right_heel_overload,right_heel_overload,1,46.59177403393578
919,8,s8_g4,right_heel_overload,right_heel_overload,1,68.26981173854732
920,8,s8_g4,right_heel_overload,right_heel_overload,1,68.64185929984927
921,8,s8_g4,right_heel_overload,right_heel_overload,1,75.20526281967668
922,8,s8_g4,right_heel_overload,right_heel_overload,1,129.98537743817582
923,8,s8_g4,right_heel_overload,right_heel_overload,1,122.1428406053046
924,8,s8_g5,left_lateral_overload,left_lateral_overload,1,97.12197574835754
925,8,s8_g5,left_lateral_overload,left_lateral_overload,1,45.756184088863655
926,8,s8_g5,left_lateral_overload,left_lateral_overload,1,93.74683037318255
927,8,s8_g5,left_lateral_overload,left_lateral_overload,1,137.07494653356983
928,8,s8_g5,left_lateral_overload,left_lateral_overload,1,108.74889727434592
929,8,s8_g5,left_lateral_overload,left_lateral_overload,1,100.41844153877939
930,8,s8_g5,left_lateral_overload,left_lateral_overload,1,99.81154280286282
931,8,s8_g5,right_forefoot_overload,left_lateral_overload,0,100.32886513990023
932,8,s8_g5,left_lateral_overload,left_lateral_overload,1,63.13175807598466
933,8,s8_g5,left_lateral_overload,left_lateral_overload,1,50.10866027029825
934,8,s8_g5,left_lateral_overload,left_lateral_overload,1,81.66598239886179
935,8,s8_g5,left_lateral_overload,left_lateral_overload,1,78.89588242566728
936,8,s8_g6,right_lateral_overload,right_lateral_overload,1,56.004138469447675
937,8,s8_g6,right_lateral_overload,right_lateral_overload,1,69.38088270541799
938,8,s8_g6,right_lateral_overload,right_lateral_overload,1,94.35583290138545
939,8,s8_g6,right_lateral_overload,right_lateral_overload,1,62.882298520854256
940,8,s8_g6,right_lateral_overload,right_lateral_overload,1,52.70398831605386
941,8,s8_g6,right_lateral_overload,right_lateral_overload,1,75.53804243545278
942,8,s8_g6,right_lateral_overload,right_lateral_overload,1,52.177182839734755
943,8,s8_g6,right_lateral_overload,right_lateral_overload,1,120.0438201113142
944,8,s8_g6,right_lateral_overload,right_lateral_overload,1,147.36117056753412
945,8,s8_g6,right_lateral_overload,right_lateral_overload,1,134.09490160151336
946,8,s8_g6,right_lateral_overload,right_lateral_overload,1,100.79777620527697
947,8,s8_g6,right_lateral_overload,right_lateral_overload,1,103.99872448445433
948,8,s8_g7,asymmetric_antalgic,asymmetric_antalgic,1,46.128857549088266
949,8,s8_g7,asymmetric_antalgic,asymmetric_antalgic,1,56.423487181383216
950,8,s8_g7,asymmetric_antalgic,asymmetric_antalgic,1,65.77667687412108
951,8,s8_g7,asymmetric_antalgic,asymmetric_antalgic,1,59.755671347804125
952,8,s8_g7,asymmetric_antalgic,asymmetric_antalgic,1,65.95757020378218
953,8,s8_g7,asymmetric_antalgic,asymmetric_antalgic,1,74.34743223356818
954,8,s8_g7,asymmetric_antalgic,asymmetric_antalgic,1,52.94355492266341
955,8,s8_g7,asymmetric_antalgic,asymmetric_antalgic,1,53.22857905037906
956,8,s8_g7,asymmetric_antalgic,asymmetric_antalgic,1,51.22473838091155
957,8,s8_g7,asymmetric_antalgic,asymmetric_antalgic,1,45.4184751733867
958,8,s8_g7,asymmetric_antalgic,asymmetric_antalgic,1,61.39370869543171
959,8,s8_g7,asymmetric_antalgic,asymmetric_antalgic,1,49.19528301799796
960,8,s8_g8,shuffling_low_cadence,asymmetric_antalgic,0,37.17900557206392
961,8,s8_g8,shuffling_low_cadence,shuffling_low_cadence,1,25.88165556849671
962,8,s8_g8,shuffling_low_cadence,shuffling_low_cadence,1,30.00078411185828
963,8,s8_g8,shuffling_low_cadence,shuffling_low_cadence,1,32.24302745828988
964,8,s8_g8,shuffling_low_cadence,shuffling_low_cadence,1,35.557068136052344
965,8,s8_g8,shuffling_low_cadence,shuffling_low_cadence,1,29.55699756279725
966,8,s8_g8,shuffling_low_cadence,shuffling_low_cadence,1,32.339210876154816
967,8,s8_g8,shuffling_low_cadence,shuffling_low_cadence,1,23.862571870828955
968,8,s8_g8,shuffling_low_cadence,shuffling_low_cadence,1,30.186572391970515
969,8,s8_g8,shuffling_low_cadence,shuffling_low_cadence,1,29.686517468793294
970,8,s8_g8,shuffling_low_cadence,asymmetric_antalgic,0,36.05663681428078
971,8,s8_g8,shuffling_low_cadence,shuffling_low_cadence,1,31.30339345701363
972,9,s9_g0,normal,normal,1,38.544032996711934
973,9,s9_g0,normal,normal,1,40.874927086895504
974,9,s9_g0,normal,normal,1,46.82246960912146
975,9,s9_g0,normal,normal,1,42.5448238346889
976,9,s9_g0,normal,normal,1,45.245952766653694
977,9,s9_g0,normal,normal,1,52.97713686963363
978,9,s9_g0,normal,normal,1,48.57208153420865
979,9,s9_g0,normal,normal,1,44.78884839348088
980,9,s9_g0,normal,right_heel_overload,0,50.29854191007436
981,9,s9_g0,normal,normal,1,50.84428976952993
982,9,s9_g0,normal,normal,1,42.69887828820156
983,9,s9_g0,normal,normal,1,47.67587305135556
984,9,s9_g1,left_forefoot_overload,left_forefoot_overload,1,73.39383138356321
985,9,s9_g1,left_forefoot_overload,left_forefoot_overload,1,95.37885255653934
986,9,s9_g1,left_forefoot_overload,left_forefoot_overload,1,62.357300475856334
987,9,s9_g1,left_forefoot_overload,left_forefoot_overload,1,78.66878097604754
988,9,s9_g1,left_forefoot_overload,left_forefoot_overload,1,60.05116447282246
989,9,s9_g1,left_forefoot_overload,left_forefoot_overload,1,71.63556281880653
990,9,s9_g1,left_forefoot_overload,left_forefoot_overload,1,90.24832754484986
991,9,s9_g1,left_forefoot_overload,left_forefoot_overload,1,84.65395874085326
992,9,s9_g1,left_forefoot_overload,left_forefoot_overload,1,91.0358976110716
993,9,s9_g1,left_forefoot_overload,left_forefoot_overload,1,136.3291167493453
994,9,s9_g1,left_forefoot_overload,left_forefoot_overload,1,155.35113453620832
995,9,s9_g1,left_forefoot_overload,left_forefoot_overload,1,67.79474677764125
996,9,s9_g2,right_forefoot_overload,right_forefoot_overload,1,82.86991991255633
997,9,s9_g2,right_forefoot_overload,right_forefoot_overload,1,50.584506974277666
998,9,s9_g2,right_forefoot_overload,right_forefoot_overload,1,63.505375328905274
999,9,s9_g2,right_forefoot_overload,right_forefoot_overload,1,106.79420482472844
1000,9,s9_g2,right_forefoot_overload,right_forefoot_overload,1,53.92466771624484
1001,9,s9_g2,right_forefoot_overload,right_forefoot_overload,1,63.41345230358525
1002,9,s9_g2,right_forefoot_overload,right_forefoot_overload,1,92.0637783576892
1003,9,s9_g2,right_forefoot_overload,right_forefoot_overload,1,58.17765242558608
1004,9,s9_g2,right_forefoot_overload,right_forefoot_overload,1,107.73956492218119
1005,9,s9_g2,right_forefoot_overload,right_forefoot_overload,1,129.07453808796055
1006,9,s9_g2,right_forefoot_overload,right_forefoot_overload,1,68.04650781990514
1007,9,s9_g2,right_forefoot_overload,right_forefoot_overload,1,113.3159742516209
1008,9,s9_g3,left_heel_overload,left_heel_overload,1,101.53839208042808
1009,9,s9_g3,left_heel_overload,left_heel_overload,1,73.8346787294462
1010,9,s9_g3,left_heel_overload,left_heel_overload,1,94.3161726228929
1011,9,s9_g3,left_heel_overload,left_heel_overload,1,55.49767116120457
1012,9,s9_g3,left_heel_overload,left_heel_overload,1,83.48325739599734
1013,9,s9_g3,left_heel_overload,left_heel_overload,1,106.79121707506064
1014,9,s9_g3,left_heel_overload,left_heel_overload,1,97.61743993930597
1015,9,s9_g3,left_heel_overload,left_heel_overload,1,136.52833372169445
1016,9,s9_g3,left_heel_overload,left_heel_overload,1,78.466527604319
1017,9,s9_g3,left_heel_overload,left_heel_overload,1,89.00530503741322
1018,9,s9_g3,left_heel_overload,left_heel_overload,1,140.61401705659748
1019,9,s9_g3,left_heel_overload,left_heel_overload,1,85.32598926697354
1020,9,s9_g4,right_heel_overload,right_heel_overload,1,85.81433632193277
1021,9,s9_g4,right_heel_overload,right_heel_overload,1,89.45539694004454
1022,9,s9_g4,right_heel_overload,right_heel_overload,1,55.82267557216924
1023,9,s9_g4,right_heel_overload,right_heel_overload,1,119.36983627724811
1024,9,s9_g4,right_heel_overload,right_heel_overload,1,91.48457780645086
1025,9,s9_g4,right_heel_overload,right_heel_overload,1,78.98655192692638
1026,9,s9_g4,right_heel_overload,right_heel_overload,1,120.30226877073042
1027,9,s9_g4,right_heel_overload,right_heel_overload,1,67.7254499971165
1028,9,s9_g4,right_heel_overload,right_heel_overload,1,111.60365110886869
1029,9,s9_g4,right_heel_overload,right_heel_overload,1,60.68278897568676
1030,9,s9_g4,right_heel_overload,right_heel_overload,1,114.99886817207366
1031,9,s9_g4,right_heel_overload,right_heel_overload,1,56.48013678602099
1032,9,s9_g5,left_lateral_overload,left_lateral_overload,1,106.92709814367001
1033,9,s9_g5,left_lateral_overload,left_lateral_overload,1,45.65976584682972
1034,9,s9_g5,left_lateral_overload,left_lateral_overload,1,51.593292488472585
1035,9,s9_g5,left_lateral_overload,left_lateral_overload,1,79.6828875316926
1036,9,s9_g5,left_lateral_overload,left_lateral_overload,1,52.60764213595498
1037,9,s9_g5,left_lateral_overload,left_lateral_overload,1,94.12737221525309
1038,9,s9_g5,left_lateral_overload,left_lateral_overload,1,60.708884302568975
1039,9,s9_g5,left_lateral_overload,left_lateral_overload,1,44.97927663436006
1040,9,s9_g5,left_lateral_overload,left_lateral_overload,1,72.10604641218683
1041,9,s9_g5,left_lateral_overload,left_lateral_overload,1,71.59298704320257
1042,9,s9_g5,left_lateral_overload,left_lateral_overload,1,67.38057751411762
1043,9,s9_g5,left_lateral_overload,left_lateral_overload,1,63.09031132046452
1044,9,s9_g6,right_lateral_overload,right_lateral_overload,1,91.21310690683755
1045,9,s9_g6,right_lateral_overload,right_lateral_overload,1,144.44035953903773
1046,9,s9_g6,right_lateral_overload,right_lateral_overload,1,126.80159440876642
1047,9,s9_g6,right_lateral_overload,right_lateral_overload,1,106.20550795065297
1048,9,s9_g6,right_lateral_overload,right_lateral_overload,1,69.807666978194
1049,9,s9_g6,right_lateral_overload,right_lateral_overload,1,63.434255109141105
1050,9,s9_g6,right_lateral_overload,right_lateral_overload,1,121.98532575761917
1051,9,s9_g6,right_lateral_overload,right_lateral_overload,1,146.34265314368804
1052,9,s9_g6,right_lateral_overload,right_lateral_overload,1,93.37903075945131
1053,9,s9_g6,right_lateral_overload,right_lateral_overload,1,104.02843241587031
1054,9,s9_g6,right_lateral_overload,right_lateral_overload,1,109.58114307398901
1055,9,s9_g6,right_lateral_overload,right_lateral_overload,1,128.81838087060046
1056,9,s9_g7,asymmetric_antalgic,asymmetric_antalgic,1,53.95142519741959
1057,9,s9_g7,asymmetric_antalgic,asymmetric_antalgic,1,65.47219447913253
1058,9,s9_g7,asymmetric_antalgic,asymmetric_antalgic,1,43.730311290927375
1059,9,s9_g7,asymmetric_antalgic,asymmetric_antalgic,1,78.34416832250383
1060,9,s9_g7,asymmetric_antalgic,asymmetric_antalgic,1,45.81789235398311
1061,9,s9_g7,asymmetric_antalgic,asymmetric_antalgic,1,80.8954932824693
1062,9,s9_g7,asymmetric_antalgic,asymmetric_antalgic,1,49.40867931659807
1063,9,s9_g7,asymmetric_antalgic,asymmetric_antalgic,1,41.326511836947404
1064,9,s9_g7,asymmetric_antalgic,asymmetric_antalgic,1,39.761541947386995
1065,9,s9_g7,asymmetric_antalgic,asymmetric_antalgic,1,38.41869713005226
1066,9,s9_g7,asymmetric_antalgic,asymmetric_antalgic,1,41.32693211399938
1067,9,s9_g7,asymmetric_antalgic,asymmetric_antalgic,1,57.34084839670358
1068,9,s9_g8,shuffling_low_cadence,normal,0,31.099728939142047
1069,9,s9_g8,shuffling_low_cadence,shuffling_low_cadence,1,30.800693522352965
1070,9,s9_g8,shuffling_low_cadence,normal,0,35.97832032577161
1071,9,s9_g8,shuffling_low_cadence,normal,0,34.878204888308446
1072,9,s9_g8,shuffling_low_cadence,shuffling_low_cadence,1,34.20014750006638
1073,9,s9_g8,shuffling_low_cadence,normal,0,35.101340612257296
1074,9,s9_g8,shuffling_low_cadence,normal,0,36.699167263163474
1075,9,s9_g8,shuffling_low_cadence,shuffling_low_cadence,1,29.33557229738488
1076,9,s9_g8,shuffling_low_cadence,normal,0,36.219532592747505
1077,9,s9_g8,shuffling_low_cadence,shuffling_low_cadence,1,30.45973915539657
1078,9,s9_g8,shuffling_low_cadence,normal,0,30.774344690531816
1079,9,s9_g8,shuffling_low_cadence,shuffling_low_cadence,1,30.25829523521537
1080,10,s10_g0,normal,normal,1,38.74539994018185
1081,10,s10_g0,right_lateral_overload,normal,0,39.68376001210186
1082,10,s10_g0,normal,normal,1,44.90390973868816
1083,10,s10_g0,normal,normal,1,33.180523088329835
1084,10,s10_g0,normal,shuffling_low_cadence,0,35.6660154970226
1085,10,s10_g0,normal,normal,1,37.84406016627205
1086,10,s10_g0,normal,normal,1,42.19427684714413
1087,10,s10_g0,normal,shuffling_low_cadence,0,34.31309693949718
1088,10,s10_g0,normal,shuffling_low_cadence,0,31.570976178192282
1089,10,s10_g0,normal,normal,1,39.76629226181168
1090,10,s10_g0,asymmetric_antalgic,normal,0,47.44613637889856
1091,10,s10_g0,normal,normal,1,34.51160281844364
1092,10,s10_g1,left_forefoot_overload,left_forefoot_overload,1,73.28678459906457
1093,10,s10_g1,left_forefoot_overload,left_forefoot_overload,1,71.68896441308226
1094,10,s10_g1,left_forefoot_overload,left_forefoot_overload,1,67.67506761656108
1095,10,s10_g1,left_forefoot_overload,left_forefoot_overload,1,55.158698744510716
1096,10,s10_g1,left_forefoot_overload,left_forefoot_overload,1,93.50507886232356
1097,10,s10_g1,left_forefoot_overload,left_forefoot_overload,1,83.04787869004274
1098,10,s10_g1,left_forefoot_overload,left_forefoot_overload,1,112.03955456604653
1099,10,s10_g1,left_forefoot_overload,left_forefoot_overload,1,81.87458487646487
1100,10,s10_g1,left_forefoot_overload,left_forefoot_overload,1,92.99871558881526
1101,10,s10_g1,left_forefoot_overload,left_forefoot_overload,1,104.32511264944732
1102,10,s10_g1,left_forefoot_overload,left_forefoot_overload,1,59.09260665566849
1103,10,s10_g1,left_forefoot_overload,left_forefoot_overload,1,121.77058650860907
1104,10,s10_g2,right_forefoot_overload,right_forefoot_overload,1,62.46258367302245
1105,10,s10_g2,right_forefoot_overload,right_forefoot_overload,1,119.3781117884714
1106,10,s10_g2,right_forefoot_overload,right_forefoot_overload,1,121.94176076218909
1107,10,s10_g2,right_forefoot_overload,right_forefoot_overload,1,51.79039643089597
1108,10,s10_g2,right_forefoot_overload,right_forefoot_overload,1,72.1663705443518
1109,10,s10_g2,right_forefoot_overload,right_forefoot_overload,1,96.41386284572741
1110,10,s10_g2,right_forefoot_overload,right_forefoot_overload,1,65.91835344322658
1111,10,s10_g2,right_forefoot_overload,right_forefoot_overload,1,97.66991898749983
1112,10,s10_g2,right_forefoot_overload,right_forefoot_overload,1,86.45338108499102
1113,10,s10_g2,right_forefoot_overload,right_forefoot_overload,1,95.78356685826267
1114,10,s10_g2,right_forefoot_overload,right_forefoot_overload,1,80.45552718681891
1115,10,s10_g2,right_forefoot_overload,right_forefoot_overload,1,94.86418991939823
1116,10,s10_g3,left_heel_overload,left_heel_overload,1,72.16072599514625
1117,10,s10_g3,left_heel_overload,left_heel_overload,1,80.47372160140003
1118,10,s10_g3,left_heel_overload,left_heel_overload,1,78.2688730228428
1119,10,s10_g3,left_heel_overload,left_heel_overload,1,100.87060853484384
1120,10,s10_g3,left_heel_overload,left_heel_overload,1,103.21943100286867
1121,10,s10_g3,left_heel_overload,left_heel_overload,1,55.047805590742506
1122,10,s10_g3,left_heel_overload,left_heel_overload,1,57.603598718875844
1123,10,s10_g3,left_heel_overload,left_heel_overload,1,69.0729069324419
1124,10,s10_g3,left_heel_overload,left_heel_overload,1,123.10231448433042
1125,10,s10_g3,left_heel_overload,left_heel_overload,1,71.21971152153004
1126,10,s10_g3,left_heel_overload,left_heel_overload,1,59.12210055204636
1127,10,s10_g3,left_heel_overload,left_heel_overload,1,94.41125717689287
1128,10,s10_g4,right_heel_overload,right_heel_overload,1,85.38458901303619
1129,10,s10_g4,right_heel_overload,right_heel_overload,1,91.39985562722222
1130,10,s10_g4,right_heel_overload,right_heel_overload,1,104.53873253924378
1131,10,s10_g4,right_heel_overload,right_heel_overload,1,62.359319039256455
1132,10,s10_g4,right_heel_overload,right_heel_overload,1,54.385171617317575
1133,10,s10_g4,right_heel_overload,right_heel_overload,1,52.3202204522528
1134,10,s10_g4,right_heel_overload,right_heel_overload,1,69.47948688711108
1135,10,s10_g4,right_heel_overload,right_heel_overload,1,91.77850154613074
1136,10,s10_g4,right_heel_overload,right_heel_overload,1,85.42753023001345
1137,10,s10_g4,right_heel_overload,right_heel_overload,1,33.72756261260404
1138,10,s10_g4,right_heel_overload,right_heel_overload,1,58.06309592606814
1139,10,s10_g4,right_heel_overload,right_heel_overload,1,92.39552431589365
1140,10,s10_g5,left_lateral_overload,left_lateral_overload,1,71.61219228942602
1141,10,s10_g5,left_lateral_overload,left_lateral_overload,1,83.44049501651101
1142,10,s10_g5,left_lateral_overload,left_lateral_overload,1,77.34937122250425
1143,10,s10_g5,left_lateral_overload,left_lateral_overload,1,88.5409668368059
1144,10,s10_g5,left_lateral_overload,left_lateral_overload,1,89.74502227070958
1145,10,s10_g5,left_lateral_overload,left_lateral_overload,1,73.94207477819698
1146,10,s10_g5,left_lateral_overload,left_lateral_overload,1,108.61525331304439
1147,10,s10_g5,left_lateral_overload,left_lateral_overload,1,79.54922708093537
1148,10,s10_g5,left_lateral_overload,left_lateral_overload,1,76.5020397953336
1149,10,s10_g5,left_lateral_overload,shuffling_low_cadence,0,31.346404615910544
1150,10,s10_g5,left_lateral_overload,left_lateral_overload,1,48.38826042887816
1151,10,s10_g5,left_lateral_overload,left_lateral_overload,1,107.30576996466507
1152,10,s10_g6,right_lateral_overload,right_lateral_overload,1,67.84565558929293
1153,10,s10_g6,right_lateral_overload,right_lateral_overload,1,100.94598896177068
1154,10,s10_g6,right_lateral_overload,right_lateral_overload,1,77.53246131301398
1155,10,s10_g6,right_lateral_overload,right_lateral_overload,1,59.634962535571354
1156,10,s10_g6,right_heel_overload,right_lateral_overload,0,68.05242630242506
1157,10,s10_g6,right_lateral_overload,right_lateral_overload,1,61.48566848679152
1158,10,s10_g6,right_lateral_overload,right_lateral_overload,1,98.67430248888077
1159,10,s10_g6,right_lateral_overload,right_lateral_overload,1,73.18331297600244
1160,10,s10_g6,right_lateral_overload,right_lateral_overload,1,92.5865382755615
1161,10,s10_g6,right_lateral_overload,right_lateral_overload,1,72.1035900357141
1162,10,s10_g6,right_lateral_overload,right_lateral_overload,1,113.8813213398176
1163,10,s10_g6,right_lateral_overload,right_lateral_overload,1,63.77343015327246
1164,10,s10_g7,asymmetric_antalgic,asymmetric_antalgic,1,44.747467364752694
1165,10,s10_g7,asymmetric_antalgic,asymmetric_antalgic,1,54.456147525856544
1166,10,s10_g7,asymmetric_antalgic,asymmetric_antalgic,1,50.57859135183952
1167,10,s10_g7,asymmetric_antalgic,asymmetric_antalgic,1,44.91739267245888
1168,10,s10_g7,asymmetric_antalgic,asymmetric_antalgic,1,52.23521024846604
1169,10,s10_g7,asymmetric_antalgic,asymmetric_antalgic,1,31.639399919236254
1170,10,s10_g7,asymmetric_antalgic,asymmetric_antalgic,1,52.22437934153615
1171,10,s10_g7,asymmetric_antalgic,asymmetric_antalgic,1,50.228486406013644
1172,10,s10_g7,asymmetric_antalgic,asymmetric_antalgic,1,42.56416719918731
1173,10,s10_g7,asymmetric_antalgic,asymmetric_antalgic,1,44.880310247770815
1174,10,s10_g7,asymmetric_antalgic,asymmetric_antalgic,1,49.757103080494204
1175,10,s10_g7,asymmetric_antalgic,asymmetric_antalgic,1,63.7547338357045
1176,10,s10_g8,shuffling_low_cadence,shuffling_low_cadence,1,28.889513957881213
1177,10,s10_g8,shuffling_low_cadence,shuffling_low_cadence,1,25.79745172205299
1178,10,s10_g8,shuffling_low_cadence,shuffling_low_cadence,1,35.22045606646617
1179,10,s10_g8,shuffling_low_cadence,shuffling_low_cadence,1,24.294614991690956
1180,10,s10_g8,shuffling_low_cadence,shuffling_low_cadence,1,29.606246130643008
1181,10,s10_g8,shuffling_low_cadence,shuffling_low_cadence,1,33.32767780194362
1182,10,s10_g8,shuffling_low_cadence,shuffling_low_cadence,1,25.74718906754601
1183,10,s10_g8,shuffling_low_cadence,shuffling_low_cadence,1,27.974719637046437
1184,10,s10_g8,shuffling_low_cadence,shuffling_low_cadence,1,24.120933619588808
1185,10,s10_g8,shuffling_low_cadence,shuffling_low_cadence,1,30.809421914168706
1186,10,s10_g8,shuffling_low_cadence,shuffling_low_cadence,1,31.955871614220875
1187,10,s10_g8,shuffling_low_cadence,normal,0,29.163660216274838
1188,11,s11_g0,normal,normal,1,42.850789717970386
1189,11,s11_g0,normal,normal,1,42.76344122360497
1190,11,s11_g0,left_heel_overload,normal,0,43.34835043382107
1191,11,s11_g0,normal,normal,1,41.82818877602023
1192,11,s11_g0,normal,normal,1,38.14998039348116
1193,11,s11_g0,normal,normal,1,50.24338869853139
1194,11,s11_g0,normal,normal,1,47.09035805125394
1195,11,s11_g0,normal,normal,1,38.42391904229576
1196,11,s11_g0,normal,left_heel_overload,0,48.967179954508325
1197,11,s11_g0,normal,right_heel_overload,0,52.61516652583417
1198,11,s11_g0,normal,left_heel_overload,0,50.02157742662145
1199,11,s11_g0,normal,normal,1,37.90658809950265
1200,11,s11_g1,left_forefoot_overload,left_forefoot_overload,1,91.41062339853111
1201,11,s11_g1,left_forefoot_overload,normal,0,49.178466041649365
1202,11,s11_g1,left_forefoot_overload,left_forefoot_overload,1,93.88221289741556
1203,11,s11_g1,left_forefoot_overload,left_forefoot_overload,1,145.61727403643343
1204,11,s11_g1,left_forefoot_overload,left_forefoot_overload,1,140.68933426434666
1205,11,s11_g1,left_forefoot_overload,left_forefoot_overload,1,109.34908760934005
1206,11,s11_g1,left_forefoot_overload,left_forefoot_overload,1,84.54788535402336
1207,11,s11_g1,left_forefoot_overload,left_forefoot_overload,1,164.07982151644487
1208,11,s11_g1,left_forefoot_overload,left_forefoot_overload,1,76.24607568266927
1209,11,s11_g1,left_forefoot_overload,left_forefoot_overload,1,74.3622125858674
1210,11,s11_g1,left_forefoot_overload,left_forefoot_overload,1,68.11694571212924
1211,11,s11_g1,left_forefoot_overload,left_forefoot_overload,1,78.63461399245408
1212,11,s11_g2,right_forefoot_overload,right_forefoot_overload,1,122.82929473493171
1213,11,s11_g2,right_forefoot_overload,right_forefoot_overload,1,124.21370603785721
1214,11,s11_g2,right_forefoot_overload,right_forefoot_overload,1,72.57096613577914
1215,11,s11_g2,right_forefoot_overload,right_forefoot_overload,1,59.818083123339626
1216,11,s11_g2,right_forefoot_overload,right_forefoot_overload,1,91.93341177784228
1217,11,s11_g2,right_forefoot_overload,right_forefoot_overload,1,51.03160529963384
1218,11,s11_g2,right_forefoot_overload,right_forefoot_overload,1,65.05127591608296
1219,11,s11_g2,right_forefoot_overload,right_forefoot_overload,1,60.29656250466036
1220,11,s11_g2,right_forefoot_overload,right_forefoot_overload,1,120.98910285750709
1221,11,s11_g2,right_forefoot_overload,right_forefoot_overload,1,66.66554285195744
1222,11,s11_g2,right_forefoot_overload,right_forefoot_overload,1,63.098433355685046
1223,11,s11_g2,right_forefoot_overload,right_forefoot_overload,1,68.87558243240056
1224,11,s11_g3,left_heel_overload,left_heel_overload,1,94.73153608409545
1225,11,s11_g3,left_heel_overload,left_heel_overload,1,94.16094214043189
1226,11,s11_g3,left_heel_overload,left_heel_overload,1,133.21907625443163
1227,11,s11_g3,left_heel_overload,left_heel_overload,1,79.09572058536126
1228,11,s11_g3,left_heel_overload,left_heel_overload,1,98.75919361277826
1229,11,s11_g3,left_heel_overload,left_heel_overload,1,89.67330995125847
1230,11,s11_g3,left_lateral_overload,left_heel_overload,0,76.30779420492941
1231,11,s11_g3,left_heel_overload,left_heel_overload,1,98.15980361315583
1232,11,s11_g3,left_heel_overload,left_heel_overload,1,155.0772603491404
1233,11,s11_g3,left_heel_overload,left_heel_overload,1,146.633514340924
1234,11,s11_g3,left_heel_overload,left_heel_overload,1,83.8007922334453
1235,11,s11_g3,left_heel_overload,left_heel_overload,1,89.86362102831784
1236,11,s11_g4,right_heel_overload,right_heel_overload,1,73.94551317004078
1237,11,s11_g4,normal,right_heel_overload,0,107.72386366110422
1238,11,s11_g4,right_heel_overload,right_heel_overload,1,111.36865418730878
1239,11,s11_g4,right_heel_overload,right_heel_overload,1,133.3164128219993
1240,11,s11_g4,right_heel_overload,right_heel_overload,1,75.17736113297245
1241,11,s11_g4,right_heel_overload,right_heel_overload,1,57.9658050579755
1242,11,s11_g4,right_heel_overload,right_heel_overload,1,62.18138247869069
1243,11,s11_g4,right_heel_overload,right_heel_overload,1,104.65823127511246
1244,11,s11_g4,right_lateral_overload,right_heel_overload,0,66.96884875962449
1245,11,s11_g4,right_heel_overload,right_heel_overload,1,64.6620179998627
1246,11,s11_g4,right_heel_overload,right_heel_overload,1,100.95447649600759
1247,11,s11_g4,right_heel_overload,right_heel_overload,1,73.83996799503498
1248,11,s11_g5,left_lateral_overload,left_lateral_overload,1,98.08169399984601
1249,11,s11_g5,left_lateral_overload,left_lateral_overload,1,123.0976444310757
1250,11,s11_g5,left_lateral_overload,left_lateral_overload,1,72.10897841849838
1251,11,s11_g5,left_lateral_overload,left_lateral_overload,1,80.24511770048558
1252,11,s11_g5,left_lateral_overload,left_lateral_overload,1,41.2484354879137
1253,11,s11_g5,left_lateral_overload,left_lateral_overload,1,108.01204779650043
1254,11,s11_g5,left_lateral_overload,left_lateral_overload,1,174.00444469714463
1255,11,s11_g5,left_lateral_overload,left_lateral_overload,1,59.63971003498957
1256,11,s11_g5,left_lateral_overload,left_lateral_overload,1,66.84042067435115
1257,11,s11_g5,left_lateral_overload,left_lateral_overload,1,81.37552538175838
1258,11,s11_g5,left_lateral_overload,left_lateral_overload,1,78.52944058080637
1259,11,s11_g5,left_lateral_overload,left_lateral_overload,1,75.58413373876844
1260,11,s11_g6,right_lateral_overload,right_lateral_overload,1,149.12096892164038
1261,11,s11_g6,right_lateral_overload,right_lateral_overload,1,87.62058771395459
1262,11,s11_g6,right_lateral_overload,right_lateral_overload,1,88.17939898022325
1263,11,s11_g6,shuffling_low_cadence,right_lateral_overload,0,106.37333742586496
1264,11,s11_g6,right_lateral_overload,right_lateral_overload,1,84.70009338204683
1265,11,s11_g6,right_lateral_overload,right_lateral_overload,1,64.21048702071873
1266,11,s11_g6,right_lateral_overload,right_lateral_overload,1,110.13722788004945
1267,11,s11_g6,right_lateral_overload,right_lateral_overload,1,165.9565627672774
1268,11,s11_g6,right_lateral_overload,right_lateral_overload,1,64.82753294787412
1269,11,s11_g6,right_lateral_overload,right_lateral_overload,1,72.54138937719715
1270,11,s11_g6,right_lateral_overload,right_lateral_overload,1,143.4203198630129
1271,11,s11_g6,right_lateral_overload,right_lateral_overload,1,92.07095946357394
1272,11,s11_g7,asymmetric_antalgic,asymmetric_antalgic,1,58.56194696920877
1273,11,s11_g7,asymmetric_antalgic,asymmetric_antalgic,1,59.06041954987472
1274,11,s11_g7,asymmetric_antalgic,asymmetric_antalgic,1,41.15542448798355
1275,11,s11_g7,asymmetric_antalgic,asymmetric_antalgic,1,38.53917094062074
1276,11,s11_g7,asymmetric_antalgic,asymmetric_antalgic,1,53.75349396351211
1277,11,s11_g7,asymmetric_antalgic,asymmetric_antalgic,1,43.28822501631788
1278,11,s11_g7,asymmetric_antalgic,asymmetric_antalgic,1,43.245314587485936
1279,11,s11_g7,asymmetric_antalgic,asymmetric_antalgic,1,48.226002895418844
1280,11,s11_g7,asymmetric_antalgic,asymmetric_antalgic,1,68.41358431341843
1281,11,s11_g7,asymmetric_antalgic,asymmetric_antalgic,1,68.94778003593939
1282,11,s11_g7,asymmetric_antalgic,asymmetric_antalgic,1,55.646502216533
1283,11,s11_g7,asymmetric_antalgic,asymmetric_antalgic,1,59.93208824305371
1284,11,s11_g8,shuffling_low_cadence,shuffling_low_cadence,1,28.338772392135155
1285,11,s11_g8,shuffling_low_cadence,shuffling_low_cadence,1,31.79013518575183
1286,11,s11_g8,shuffling_low_cadence,shuffling_low_cadence,1,29.31531717751728
1287,11,s11_g8,shuffling_low_cadence,shuffling_low_cadence,1,26.877828811295572
1288,11,s11_g8,shuffling_low_cadence,shuffling_low_cadence,1,24.422041054396555
1289,11,s11_g8,shuffling_low_cadence,shuffling_low_cadence,1,30.25446950323157
1290,11,s11_g8,right_lateral_overload,shuffling_low_cadence,0,26.50963986192002
1291,11,s11_g8,shuffling_low_cadence,shuffling_low_cadence,1,27.512135691216557
1292,11,s11_g8,shuffling_low_cadence,shuffling_low_cadence,1,32.96440148779914
1293,11,s11_g8,shuffling_low_cadence,shuffling_low_cadence,1,30.240771768406756
1294,11,s11_g8,shuffling_low_cadence,shuffling_low_cadence,1,30.709009033751023
1295,11,s11_g8,shuffling_low_cadence,normal,0,34.88254266799042
1296,12,s12_g0,normal,normal,1,43.66951059679175
1297,12,s12_g0,normal,normal,1,64.79663355133151
1298,12,s12_g0,normal,normal,1,51.73369916229689
1299,12,s12_g0,normal,normal,1,50.56829749976726
1300,12,s12_g0,normal,normal,1,49.87373236540971
1301,12,s12_g0,normal,normal,1,53.36586624644157
1302,12,s12_g0,normal,normal,1,53.518929319966304
1303,12,s12_g0,normal,normal,1,49.115417221499406
1304,12,s12_g0,normal,normal,1,53.21225250060398
1305,12,s12_g0,normal,normal,1,59.429649698210355
1306,12,s12_g0,normal,normal,1,45.505497403610605
1307,12,s12_g0,right_lateral_overload,normal,0,57.56999667055656
1308,12,s12_g1,left_forefoot_overload,left_forefoot_overload,1,95.08952260844707
1309,12,s12_g1,left_forefoot_overload,left_forefoot_overload,1,96.69465284012267
1310,12,s12_g1,left_forefoot_overload,normal,0,60.37882720891322
1311,12,s12_g1,left_forefoot_overload,left_forefoot_overload,1,85.29429596586064
1312,12,s12_g1,left_forefoot_overload,left_forefoot_overload,1,105.0790761021434
1313,12,s12_g1,left_forefoot_overload,left_forefoot_overload,1,87.81405350026522
1314,12,s12_g1,left_forefoot_overload,left_forefoot_overload,1,76.84830104711362
1315,12,s12_g1,left_forefoot_overload,left_forefoot_overload,1,121.88633223513546
1316,12,s12_g1,left_forefoot_overload,left_forefoot_overload,1,88.3795534160128
1317,12,s12_g1,left_forefoot_overload,left_forefoot_overload,1,66.03621328184323
1318,12,s12_g1,left_forefoot_overload,left_forefoot_overload,1,84.59351540942225
1319,12,s12_g1,left_forefoot_overload,left_forefoot_overload,1,63.84235796705457
1320,12,s12_g2,right_forefoot_overload,right_forefoot_overload,1,77.4145357115483
1321,12,s12_g2,right_forefoot_overload,right_forefoot_overload,1,100.88926034502872
1322,12,s12_g2,right_forefoot_overload,right_forefoot_overload,1,65.6264144116545
1323,12,s12_g2,right_forefoot_overload,right_forefoot_overload,1,80.11306944426447
1324,12,s12_g2,right_forefoot_overload,right_forefoot_overload,1,159.87407469515009
1325,12,s12_g2,right_forefoot_overload,right_forefoot_overload,1,109.89791270796735
1326,12,s12_g2,right_forefoot_overload,right_forefoot_overload,1,130.76740044154934
1327,12,s12_g2,right_forefoot_overload,right_forefoot_overload,1,149.20875524908735
1328,12,s12_g2,right_forefoot_overload,right_forefoot_overload,1,98.82833276992737
1329,12,s12_g2,right_forefoot_overload,right_forefoot_overload,1,83.58427594326645
1330,12,s12_g2,right_forefoot_overload,right_forefoot_overload,1,106.62196705186494
1331,12,s12_g2,right_forefoot_overload,right_forefoot_overload,1,113.54757240534636
1332,12,s12_g3,left_heel_overload,left_heel_overload,1,148.99978428142788
1333,12,s12_g3,left_heel_overload,left_heel_overload,1,79.65813242385639
1334,12,s12_g3,right_lateral_overload,left_heel_overload,0,168.17781132590554
1335,12,s12_g3,left_heel_overload,left_heel_overload,1,142.54531413460631
1336,12,s12_g3,left_heel_overload,left_heel_overload,1,204.90775417128572
1337,12,s12_g3,left_heel_overload,left_heel_overload,1,93.80256216472863
1338,12,s12_g3,left_heel_overload,left_heel_overload,1,92.50379682262086
1339,12,s12_g3,left_heel_overload,left_heel_overload,1,91.64477796846566
1340,12,s12_g3,left_heel_overload,left_heel_overload,1,149.9785619585667
1341,12,s12_g3,left_heel_overload,left_heel_overload,1,99.15677325749846
1342,12,s12_g3,left_heel_overload,left_heel_overload,1,183.41602037975562
1343,12,s12_g3,left_heel_overload,left_heel_overload,1,103.36487428530428
1344,12,s12_g4,right_heel_overload,right_heel_overload,1,88.05111464265623
1345,12,s12_g4,right_heel_overload,right_heel_overload,1,82.96162434986994
1346,12,s12_g4,right_heel_overload,right_heel_overload,1,83.56437479356775
1347,12,s12_g4,right_heel_overload,right_heel_overload,1,90.79509988610468
1348,12,s12_g4,right_heel_overload,right_heel_overload,1,74.67592515590641
1349,12,s12_g4,right_heel_overload,right_heel_overload,1,104.66935481302278
1350,12,s12_g4,right_heel_overload,right_heel_overload,1,95.46064296809718
1351,12,s12_g4,right_heel_overload,right_heel_overload,1,97.51074185743428
1352,12,s12_g4,right_heel_overload,right_heel_overload,1,92.81619462394185
1353,12,s12_g4,right_heel_overload,right_heel_overload,1,90.64249889278803
1354,12,s12_g4,right_heel_overload,right_heel_overload,1,88.76375098118022
1355,12,s12_g4,right_heel_overload,right_heel_overload,1,102.43961802069505
1356,12,s12_g5,left_lateral_overload,left_lateral_overload,1,102.44076155692221
1357,12,s12_g5,left_lateral_overload,left_lateral_overload,1,86.1150922806356
1358,12,s12_g5,left_lateral_overload,left_lateral_overload,1,93.94702802486842
1359,12,s12_g5,left_lateral_overload,left_lateral_overload,1,97.8071831993492
1360,12,s12_g5,left_lateral_overload,left_lateral_overload,1,65.9842117912122
1361,12,s12_g5,left_lateral_overload,left_lateral_overload,1,161.34386932541258
1362,12,s12_g5,left_lateral_overload,left_lateral_overload,1,75.608060499587
1363,12,s12_g5,left_lateral_overload,left_lateral_overload,1,114.59451641652205
1364,12,s12_g5,left_lateral_overload,left_lateral_overload,1,66.35104909318358
1365,12,s12_g5,left_lateral_overload,left_lateral_overload,1,136.105249880135
1366,12,s12_g5,left_lateral_overload,left_lateral_overload,1,120.19752997312725
1367,12,s12_g5,left_lateral_overload,left_lateral_overload,1,69.78445928186899
1368,12,s12_g6,right_lateral_overload,right_lateral_overload,1,112.15201044992823
1369,12,s12_g6,right_lateral_overload,right_lateral_overload,1,67.11278829155137
1370,12,s12_g6,right_lateral_overload,right_lateral_overload,1,127.45745711610161
1371,12,s12_g6,right_lateral_overload,right_lateral_overload,1,84.54083491710216
1372,12,s12_g6,right_lateral_overload,right_lateral_overload,1,72.51503258326184
1373,12,s12_g6,right_lateral_overload,right_lateral_overload,1,86.6699793100009
1374,12,s12_g6,right_lateral_overload,right_lateral_overload,1,103.44825918082174
1375,12,s12_g6,right_lateral_overload,right_lateral_overload,1,84.27138916955505
1376,12,s12_g6,right_lateral_overload,right_lateral_overload,1,90.72460878856533
1377,12,s12_g6,right_lateral_overload,right_lateral_overload,1,95.77677953377612
1378,12,s12_g6,right_lateral_overload,right_lateral_overload,1,134.56147549231125
1379,12,s12_g6,right_lateral_overload,right_lateral_overload,1,133.8037983013294
1380,12,s12_g7,asymmetric_antalgic,asymmetric_antalgic,1,59.841792894312206
1381,12,s12_g7,asymmetric_antalgic,asymmetric_antalgic,1,46.70230465591885
1382,12,s12_g7,asymmetric_antalgic,asymmetric_antalgic,1,43.44709859640082
1383,12,s12_g7,asymmetric_antalgic,asymmetric_antalgic,1,47.42348569892112
1384,12,s12_g7,asymmetric_antalgic,asymmetric_antalgic,1,59.3232663910203
1385,12,s12_g7,asymmetric_antalgic,asymmetric_antalgic,1,54.99922874646683
1386,12,s12_g7,asymmetric_antalgic,asymmetric_antalgic,1,63.25529354805262
1387,12,s12_g7,asymmetric_antalgic,asymmetric_antalgic,1,49.053421699373985
1388,12,s12_g7,asymmetric_antalgic,asymmetric_antalgic,1,56.79028327783612
1389,12,s12_g7,asymmetric_antalgic,asymmetric_antalgic,1,59.49204740386334
1390,12,s12_g7,asymmetric_antalgic,asymmetric_antalgic,1,55.27795671792909
1391,12,s12_g7,asymmetric_antalgic,asymmetric_antalgic,1,40.528295223157166
1392,12,s12_g8,shuffling_low_cadence,normal,0,36.73243391240886
1393,12,s12_g8,shuffling_low_cadence,shuffling_low_cadence,1,34.57348542531889
1394,12,s12_g8,shuffling_low_cadence,shuffling_low_cadence,1,30.188482821498305
1395,12,s12_g8,shuffling_low_cadence,shuffling_low_cadence,1,34.167306792913635
1396,12,s12_g8,shuffling_low_cadence,shuffling_low_cadence,1,31.37356738981756
1397,12,s12_g8,shuffling_low_cadence,left_heel_overload,0,42.92545274710133
1398,12,s12_g8,shuffling_low_cadence,shuffling_low_cadence,1,33.86403400154674
1399,12,s12_g8,shuffling_low_cadence,shuffling_low_cadence,1,38.310413889886995
1400,12,s12_g8,shuffling_low_cadence,normal,0,33.49017076295643
1401,12,s12_g8,shuffling_low_cadence,shuffling_low_cadence,1,33.51694758598045
1402,12,s12_g8,shuffling_low_cadence,normal,0,40.775280179299315
1403,12,s12_g8,shuffling_low_cadence,shuffling_low_cadence,1,40.88155372993183
1404,13,s13_g0,normal,normal,1,37.70235711342203
1405,13,s13_g0,normal,normal,1,28.00879263860918
1406,13,s13_g0,normal,normal,1,41.95570398257213
1407,13,s13_g0,normal,shuffling_low_cadence,0,27.99828760726345
1408,13,s13_g0,normal,normal,1,34.07276192504425
1409,13,s13_g0,normal,normal,1,37.164137140281014
1410,13,s13_g0,normal,normal,1,41.248554672450354
1411,13,s13_g0,normal,normal,1,38.81964434878129
1412,13,s13_g0,normal,normal,1,38.436653724966234
1413,13,s13_g0,normal,shuffling_low_cadence,0,28.666607680700718
1414,13,s13_g0,normal,shuffling_low_cadence,0,31.29498564538045
1415,13,s13_g0,normal,shuffling_low_cadence,0,27.98089520568576
1416,13,s13_g1,left_forefoot_overload,left_forefoot_overload,1,106.91525171804588
1417,13,s13_g1,left_forefoot_overload,left_forefoot_overload,1,45.14950378184221
1418,13,s13_g1,left_forefoot_overload,left_forefoot_overload,1,52.736757769956064
1419,13,s13_g1,left_forefoot_overload,left_forefoot_overload,1,78.84035667974882
1420,13,s13_g1,left_forefoot_overload,left_forefoot_overload,1,46.868391876339885
1421,13,s13_g1,left_forefoot_overload,left_forefoot_overload,1,73.4860463654165
1422,13,s13_g1,left_forefoot_overload,left_forefoot_overload,1,45.004157568481695
1423,13,s13_g1,left_forefoot_overload,left_forefoot_overload,1,76.1191331753587
1424,13,s13_g1,left_forefoot_overload,left_forefoot_overload,1,86.46927688770025
1425,13,s13_g1,left_forefoot_overload,normal,0,41.60239131474752
1426,13,s13_g1,right_heel_overload,left_forefoot_overload,0,49.443971186143436
1427,13,s13_g1,left_forefoot_overload,left_forefoot_overload,1,54.331094255644935
1428,13,s13_g2,right_forefoot_overload,right_forefoot_overload,1,62.861607054720096
1429,13,s13_g2,right_forefoot_overload,right_forefoot_overload,1,63.18364373331902
1430,13,s13_g2,right_forefoot_overload,right_forefoot_overload,1,93.96847413398343
1431,13,s13_g2,right_forefoot_overload,asymmetric_antalgic,0,60.01244239945697
1432,13,s13_g2,right_forefoot_overload,right_forefoot_overload,1,77.57739189189309
1433,13,s13_g2,right_forefoot_overload,right_forefoot_overload,1,53.73794067318147
1434,13,s13_g2,right_forefoot_overload,asymmetric_antalgic,0,43.36237030598553
1435,13,s13_g2,right_forefoot_overload,right_forefoot_overload,1,54.50021845105019
1436,13,s13_g2,right_forefoot_overload,right_forefoot_overload,1,54.294725627353415
1437,13,s13_g2,right_forefoot_overload,right_forefoot_overload,1,74.80967264164941
1438,13,s13_g2,right_forefoot_overload,asymmetric_antalgic,0,36.83428023725302
1439,13,s13_g2,right_forefoot_overload,right_forefoot_overload,1,58.296282691396875
1440,13,s13_g3,left_heel_overload,left_heel_overload,1,68.09421890905014
1441,13,s13_g3,left_heel_overload,left_heel_overload,1,74.19993832875613
1442,13,s13_g3,left_heel_overload,left_heel_overload,1,68.49099666923541
1443,13,s13_g3,left_heel_overload,left_heel_overload,1,61.71392683650726
1444,13,s13_g3,left_heel_overload,left_heel_overload,1,90.3477599343965
1445,13,s13_g3,left_heel_overload,left_heel_overload,1,95.22862656465077
1446,13,s13_g3,left_heel_overload,left_heel_overload,1,84.63346508109149
1447,13,s13_g3,left_heel_overload,left_heel_overload,1,91.96645061752912
1448,13,s13_g3,left_heel_overload,left_heel_overload,1,66.53850003615872
1449,13,s13_g3,left_heel_overload,left_heel_overload,1,53.91079932924071
1450,13,s13_g3,left_heel_overload,left_heel_overload,1,50.51134598068323
1451,13,s13_g3,left_heel_overload,shuffling_low_cadence,0,46.333975915255785
1452,13,s13_g4,right_heel_overload,right_heel_overload,1,40.77700700203093
1453,13,s13_g4,right_heel_overload,right_heel_overload,1,56.63395839198804
1454,13,s13_g4,right_heel_overload,right_heel_overload,1,50.35454319742127
1455,13,s13_g4,right_heel_overload,right_heel_overload,1,46.7715375093241
1456,13,s13_g4,right_heel_overload,right_heel_overload,1,62.12546508006213
1457,13,s13_g4,right_heel_overload,right_heel_overload,1,55.22772987801873
1458,13,s13_g4,right_heel_overload,right_heel_overload,1,49.42502650294787
1459,13,s13_g4,right_heel_overload,right_heel_overload,1,61.7071507635369
1460,13,s13_g4,right_heel_overload,right_heel_overload,1,57.571403165848366
1461,13,s13_g4,right_heel_overload,right_heel_overload,1,58.313040442598634
1462,13,s13_g4,right_heel_overload,right_heel_overload,1,60.10398516668073
1463,13,s13_g4,right_heel_overload,right_heel_overload,1,88.31795052213923
1464,13,s13_g5,left_lateral_overload,left_lateral_overload,1,60.95928479759822
1465,13,s13_g5,left_lateral_overload,left_lateral_overload,1,90.15397998502861
1466,13,s13_g5,left_lateral_overload,left_lateral_overload,1,77.53914985237981
1467,13,s13_g5,left_lateral_overload,left_lateral_overload,1,67.58920517812619
1468,13,s13_g5,left_lateral_overload,left_lateral_overload,1,59.59678193942438
1469,13,s13_g5,left_lateral_overload,left_lateral_overload,1,67.29472333677442
1470,13,s13_g5,left_lateral_overload,left_lateral_overload,1,73.66377248596407
1471,13,s13_g5,left_lateral_overload,left_lateral_overload,1,108.27137675453459
1472,13,s13_g5,left_lateral_overload,left_lateral_overload,1,48.180803804567866
1473,13,s13_g5,left_lateral_overload,left_lateral_overload,1,78.57011013935268
1474,13,s13_g5,left_lateral_overload,left_lateral_overload,1,67.58511917691573
1475,13,s13_g5,normal,left_lateral_overload,0,72.41260109845922
1476,13,s13_g6,right_lateral_overload,right_lateral_overload,1,54.98878831841435
1477,13,s13_g6,right_lateral_overload,right_lateral_overload,1,36.54266331957322
1478,13,s13_g6,right_lateral_overload,right_lateral_overload,1,88.39528085787988
1479,13,s13_g6,right_lateral_overload,right_lateral_overload,1,83.60356367128242
1480,13,s13_g6,right_lateral_overload,right_lateral_overload,1,64.80189590276161
1481,13,s13_g6,right_lateral_overload,right_lateral_overload,1,57.16202778390851
1482,13,s13_g6,right_lateral_overload,right_lateral_overload,1,75.31393127806297
1483,13,s13_g6,right_lateral_overload,right_lateral_overload,1,36.281931390414194
1484,13,s13_g6,right_lateral_overload,right_lateral_overload,1,42.916679353346964
1485,13,s13_g6,right_lateral_overload,right_lateral_overload,1,44.38887571626364
1486,13,s13_g6,right_lateral_overload,right_lateral_overload,1,57.291417230915435
1487,13,s13_g6,right_lateral_overload,right_lateral_overload,1,42.02912043560844
1488,13,s13_g7,asymmetric_antalgic,asymmetric_antalgic,1,47.31830755720595
1489,13,s13_g7,asymmetric_antalgic,asymmetric_antalgic,1,57.72196175211482
1490,13,s13_g7,asymmetric_antalgic,asymmetric_antalgic,1,38.27174860244482
1491,13,s13_g7,asymmetric_antalgic,asymmetric_antalgic,1,58.2877021665803
1492,13,s13_g7,asymmetric_antalgic,asymmetric_antalgic,1,61.464411669731945
1493,13,s13_g7,asymmetric_antalgic,asymmetric_antalgic,1,50.888412299936235
1494,13,s13_g7,asymmetric_antalgic,asymmetric_antalgic,1,41.9599856254253
1495,13,s13_g7,asymmetric_antalgic,asymmetric_antalgic,1,56.8597749101845
1496,13,s13_g7,asymmetric_antalgic,asymmetric_antalgic,1,39.8890860496628
1497,13,s13_g7,asymmetric_antalgic,asymmetric_antalgic,1,57.42508848275186
1498,13,s13_g7,asymmetric_antalgic,asymmetric_antalgic,1,48.21516306758103
1499,13,s13_g7,asymmetric_antalgic,asymmetric_antalgic,1,42.10466820609407
1500,13,s13_g8,shuffling_low_cadence,shuffling_low_cadence,1,21.371140655323345
1501,13,s13_g8,shuffling_low_cadence,shuffling_low_cadence,1,26.726576487388733
1502,13,s13_g8,shuffling_low_cadence,shuffling_low_cadence,1,26.628828080220334
1503,13,s13_g8,shuffling_low_cadence,shuffling_low_cadence,1,24.027432422816776
1504,13,s13_g8,shuffling_low_cadence,shuffling_low_cadence,1,27.639553310128157
1505,13,s13_g8,shuffling_low_cadence,shuffling_low_cadence,1,31.108362310519066
1506,13,s13_g8,shuffling_low_cadence,shuffling_low_cadence,1,25.333641609057636
1507,13,s13_g8,shuffling_low_cadence,shuffling_low_cadence,1,32.67309309777262
1508,13,s13_g8,shuffling_low_cadence,shuffling_low_cadence,1,26.119110932095637
1509,13,s13_g8,left_heel_overload,shuffling_low_cadence,0,22.715922383355185
1510,13,s13_g8,shuffling_low_cadence,shuffling_low_cadence,1,30.13108134569
1511,13,s13_g8,shuffling_low_cadence,shuffling_low_cadence,1,23.527465902602213
1512,14,s14_g0,normal,right_heel_overload,0,43.054012323794645
1513,14,s14_g0,normal,right_heel_overload,0,45.00496128323536
1514,14,s14_g0,normal,normal,1,41.2559073161804
1515,14,s14_g0,normal,normal,1,42.32791292546921
1516,14,s14_g0,normal,left_lateral_overload,0,53.32825893915287
1517,14,s14_g0,normal,right_heel_overload,0,45.28242588330745
1518,14,s14_g0,normal,left_lateral_overload,0,52.98724346543839
1519,14,s14_g0,normal,normal,1,40.789974712866666
1520,14,s14_g0,normal,left_lateral_overload,0,40.389581778730594
1521,14,s14_g0,normal,normal,1,38.269493659520855
1522,14,s14_g0,normal,right_heel_overload,0,37.78103958187812
1523,14,s14_g0,right_heel_overload,right_lateral_overload,0,40.400326907297206
1524,14,s14_g1,left_forefoot_overload,left_forefoot_overload,1,67.56726467141873
1525,14,s14_g1,left_forefoot_overload,left_forefoot_overload,1,103.73704971441614
1526,14,s14_g1,left_forefoot_overload,left_forefoot_overload,1,56.368985986007964
1527,14,s14_g1,left_forefoot_overload,left_forefoot_overload,1,102.03582650166007
1528,14,s14_g1,left_forefoot_overload,left_forefoot_overload,1,60.186774027585926
1529,14,s14_g1,left_forefoot_overload,left_forefoot_overload,1,67.41664341589657
1530,14,s14_g1,left_forefoot_overload,left_forefoot_overload,1,57.946943374761624
1531,14,s14_g1,left_forefoot_overload,left_forefoot_overload,1,82.34654810401454
1532,14,s14_g1,left_forefoot_overload,left_forefoot_overload,1,74.29954049446903
1533,14,s14_g1,left_forefoot_overload,left_forefoot_overload,1,78.57522553374466
1534,14,s14_g1,left_forefoot_overload,left_forefoot_overload,1,72.61066894109288
1535,14,s14_g1,left_forefoot_overload,left_forefoot_overload,1,75.82381445379804
1536,14,s14_g2,right_forefoot_overload,right_forefoot_overload,1,76.05621733260415
1537,14,s14_g2,right_forefoot_overload,right_forefoot_overload,1,67.16582764147651
1538,14,s14_g2,right_forefoot_overload,right_forefoot_overload,1,59.86998408947778
1539,14,s14_g2,right_forefoot_overload,right_forefoot_overload,1,98.49239914392768
1540,14,s14_g2,right_forefoot_overload,right_forefoot_overload,1,52.14752795727635
1541,14,s14_g2,right_forefoot_overload,right_forefoot_overload,1,89.35877793362455
1542,14,s14_g2,right_forefoot_overload,right_forefoot_overload,1,74.01846842932987
1543,14,s14_g2,right_forefoot_overload,right_forefoot_overload,1,78.91925058511936
1544,14,s14_g2,right_forefoot_overload,right_forefoot_overload,1,64.49661894613597
1545,14,s14_g2,right_forefoot_overload,right_forefoot_overload,1,83.66800777910683
1546,14,s14_g2,right_forefoot_overload,right_forefoot_overload,1,102.32910772567874
1547,14,s14_g2,right_forefoot_overload,right_forefoot_overload,1,70.04390086827848
1548,14,s14_g3,left_heel_overload,left_heel_overload,1,71.54074696424715
1549,14,s14_g3,left_heel_overload,normal,0,47.87682899043368
1550,14,s14_g3,left_heel_overload,left_heel_overload,1,65.69348135388996
1551,14,s14_g3,left_heel_overload,left_heel_overload,1,103.59532680933464
1552,14,s14_g3,normal,left_heel_overload,0,42.159875945649254
1553,14,s14_g3,left_heel_overload,left_heel_overload,1,92.32907345933809
1554,14,s14_g3,left_heel_overload,left_heel_overload,1,74.33109187256743
1555,14,s14_g3,left_heel_overload,left_heel_overload,1,101.6071721897668
1556,14,s14_g3,left_heel_overload,left_heel_overload,1,88.90008630347117
1557,14,s14_g3,left_heel_overload,right_lateral_overload,0,38.12374732698694
1558,14,s14_g3,left_heel_overload,left_heel_overload,1,76.6976361804063
1559,14,s14_g3,left_heel_overload,left_heel_overload,1,61.225628739152185
1560,14,s14_g4,right_heel_overload,right_heel_overload,1,101.77257418060539
1561,14,s14_g4,right_heel_overload,right_heel_overload,1,80.58498012753321
1562,14,s14_g4,right_heel_overload,right_heel_overload,1,72.70841903635434
1563,14,s14_g4,right_heel_overload,right_heel_overload,1,90.63806857000759
1564,14,s14_g4,right_heel_overload,right_heel_overload,1,148.37044312315803
1565,14,s14_g4,left_lateral_overload,right_heel_overload,0,164.26924630311325
1566,14,s14_g4,right_heel_overload,right_heel_overload,1,114.79531628031722
1567,14,s14_g4,right_heel_overload,right_heel_overload,1,63.11041513476972
1568,14,s14_g4,right_heel_overload,right_heel_overload,1,93.35680563099534
1569,14,s14_g4,right_lateral_overload,right_heel_overload,0,111.23273329499854
1570,14,s14_g4,right_heel_overload,right_heel_overload,1,91.39102572805224
1571,14,s14_g4,right_heel_overload,right_heel_overload,1,76.2905298657048
1572,14,s14_g5,left_lateral_overload,left_lateral_overload,1,69.6302831395825
1573,14,s14_g5,left_lateral_overload,left_lateral_overload,1,84.27872724931088
1574,14,s14_g5,left_lateral_overload,left_lateral_overload,1,85.08837624658834
1575,14,s14_g5,left_lateral_overload,left_lateral_overload,1,78.22135744990554
1576,14,s14_g5,left_lateral_overload,left_lateral_overload,1,106.53336543291961
1577,14,s14_g5,left_lateral_overload,left_lateral_overload,1,84.48901881380321
1578,14,s14_g5,left_lateral_overload,left_lateral_overload,1,106.97153220394009
1579,14,s14_g5,left_lateral_overload,left_lateral_overload,1,76.48585404422191
1580,14,s14_g5,left_lateral_overload,left_lateral_overload,1,117.41350987824742
1581,14,s14_g5,left_lateral_overload,left_lateral_overload,1,78.33011915603907
1582,14,s14_g5,left_lateral_overload,left_lateral_overload,1,151.33735006071126
1583,14,s14_g5,left_lateral_overload,left_lateral_overload,1,55.11343797973802
1584,14,s14_g6,right_lateral_overload,right_lateral_overload,1,70.17626127208685
1585,14,s14_g6,right_lateral_overload,left_lateral_overload,0,54.29012033705347
1586,14,s14_g6,right_lateral_overload,right_lateral_overload,1,62.109517662021034
1587,14,s14_g6,right_lateral_overload,right_lateral_overload,1,72.01999618850425
1588,14,s14_g6,right_lateral_overload,right_lateral_overload,1,61.69541093617697
1589,14,s14_g6,right_lateral_overload,right_lateral_overload,1,79.31247588079555
1590,14,s14_g6,right_lateral_overload,right_lateral_overload,1,111.23249030573828
1591,14,s14_g6,right_lateral_overload,right_lateral_overload,1,54.87764962824287
1592,14,s14_g6,right_lateral_overload,right_lateral_overload,1,161.44712809018822
1593,14,s14_g6,right_lateral_overload,right_lateral_overload,1,71.71630268284116
1594,14,s14_g6,right_lateral_overload,right_lateral_overload,1,68.8801860194399
1595,14,s14_g6,right_lateral_overload,right_lateral_overload,1,56.482673917900975
1596,14,s14_g7,asymmetric_antalgic,asymmetric_antalgic,1,46.365281920914526
1597,14,s14_g7,asymmetric_antalgic,asymmetric_antalgic,1,48.25842413422999
1598,14,s14_g7,asymmetric_antalgic,asymmetric_antalgic,1,62.1517264089962
1599,14,s14_g7,asymmetric_antalgic,asymmetric_antalgic,1,47.91173694096682
1600,14,s14_g7,asymmetric_antalgic,asymmetric_antalgic,1,69.4765439351263
1601,14,s14_g7,asymmetric_antalgic,asymmetric_antalgic,1,51.91794812023297
1602,14,s14_g7,asymmetric_antalgic,asymmetric_antalgic,1,52.216567970072475
1603,14,s14_g7,asymmetric_antalgic,asymmetric_antalgic,1,39.54906041742089
1604,14,s14_g7,asymmetric_antalgic,asymmetric_antalgic,1,43.72388536482526
1605,14,s14_g7,asymmetric_antalgic,asymmetric_antalgic,1,72.18462442710363
1606,14,s14_g7,asymmetric_antalgic,asymmetric_antalgic,1,59.41891880884848
1607,14,s14_g7,asymmetric_antalgic,asymmetric_antalgic,1,51.84984944978067
1608,14,s14_g8,shuffling_low_cadence,shuffling_low_cadence,1,34.50905636051769
1609,14,s14_g8,shuffling_low_cadence,shuffling_low_cadence,1,32.236128690506455
1610,14,s14_g8,shuffling_low_cadence,right_lateral_overload,0,34.97370510689358
1611,14,s14_g8,shuffling_low_cadence,shuffling_low_cadence,1,28.873382494433013
1612,14,s14_g8,shuffling_low_cadence,shuffling_low_cadence,1,28.673559486065173
1613,14,s14_g8,shuffling_low_cadence,right_lateral_overload,0,36.88329642194296
1614,14,s14_g8,shuffling_low_cadence,right_lateral_overload,0,28.494101169818617
1615,14,s14_g8,shuffling_low_cadence,right_lateral_overload,0,34.4841391135963
1616,14,s14_g8,shuffling_low_cadence,shuffling_low_cadence,1,28.624310550251252
1617,14,s14_g8,shuffling_low_cadence,shuffling_low_cadence,1,31.844800563342233
1618,14,s14_g8,left_lateral_overload,shuffling_low_cadence,0,31.304400861418546
1619,14,s14_g8,shuffling_low_cadence,right_lateral_overload,0,34.838443322762025
1620,15,s15_g0,normal,right_heel_overload,0,46.80489006776559
1621,15,s15_g0,normal,normal,1,41.75249188187024
1622,15,s15_g0,normal,shuffling_low_cadence,0,34.94760214268353
1623,15,s15_g0,normal,shuffling_low_cadence,0,37.3135302772818
1624,15,s15_g0,normal,normal,1,41.20823735783224
1625,15,s15_g0,normal,normal,1,41.63455639659852
1626,15,s15_g0,normal,normal,1,42.69523370195094
1627,15,s15_g0,normal,shuffling_low_cadence,0,32.898701284987666
1628,15,s15_g0,normal,normal,1,47.959430033853
1629,15,s15_g0,normal,shuffling_low_cadence,0,35.115263862580186
1630,15,s15_g0,normal,shuffling_low_cadence,0,42.04099462169833
1631,15,s15_g0,normal,normal,1,44.54334316649441
1632,15,s15_g1,left_forefoot_overload,left_forefoot_overload,1,118.65982674222064
1633,15,s15_g1,left_forefoot_overload,left_forefoot_overload,1,74.13673008892822
1634,15,s15_g1,left_forefoot_overload,left_forefoot_overload,1,60.64413903708642
1635,15,s15_g1,left_forefoot_overload,left_forefoot_overload,1,73.56056371329323
1636,15,s15_g1,left_forefoot_overload,left_forefoot_overload,1,125.0820498434165
1637,15,s15_g1,left_forefoot_overload,left_forefoot_overload,1,86.97925988980352
1638,15,s15_g1,left_forefoot_overload,left_forefoot_overload,1,64.67749751364217
1639,15,s15_g1,left_forefoot_overload,left_forefoot_overload,1,45.22186274564444
1640,15,s15_g1,left_forefoot_overload,left_forefoot_overload,1,102.73041627183791
1641,15,s15_g1,left_forefoot_overload,left_forefoot_overload,1,66.57348544270201
1642,15,s15_g1,left_forefoot_overload,left_forefoot_overload,1,67.38821395366763
1643,15,s15_g1,left_forefoot_overload,left_forefoot_overload,1,116.20828157389008
1644,15,s15_g2,right_forefoot_overload,right_forefoot_overload,1,62.22954664958398
1645,15,s15_g2,right_forefoot_overload,right_forefoot_overload,1,75.09234398495188
1646,15,s15_g2,right_forefoot_overload,right_forefoot_overload,1,64.73826262750664
1647,15,s15_g2,right_forefoot_overload,right_forefoot_overload,1,55.63037298700891
1648,15,s15_g2,right_forefoot_overload,shuffling_low_cadence,0,37.191589180841625
1649,15,s15_g2,right_forefoot_overload,right_forefoot_overload,1,81.86464097527798
1650,15,s15_g2,right_forefoot_overload,right_forefoot_overload,1,71.16428714153187
1651,15,s15_g2,right_forefoot_overload,right_forefoot_overload,1,92.36342499050023
1652,15,s15_g2,right_forefoot_overload,right_forefoot_overload,1,45.37327390696013
1653,15,s15_g2,right_forefoot_overload,right_forefoot_overload,1,68.95465868604198
1654,15,s15_g2,right_forefoot_overload,right_forefoot_overload,1,40.89845588553603
1655,15,s15_g2,right_forefoot_overload,right_forefoot_overload,1,52.0603530494402
1656,15,s15_g3,left_heel_overload,left_heel_overload,1,65.11978161326348
1657,15,s15_g3,left_heel_overload,left_heel_overload,1,61.82508888782367
1658,15,s15_g3,left_heel_overload,left_heel_overload,1,52.73509553428673
1659,15,s15_g3,left_heel_overload,left_heel_overload,1,49.970713652177885
1660,15,s15_g3,left_heel_overload,left_heel_overload,1,86.33428580515202
1661,15,s15_g3,left_heel_overload,left_heel_overload,1,117.24825883137001
1662,15,s15_g3,left_heel_overload,left_heel_overload,1,89.57086128268806
1663,15,s15_g3,left_heel_overload,left_heel_overload,1,61.33007446417673
1664,15,s15_g3,left_heel_overload,left_heel_overload,1,110.79398264159683
1665,15,s15_g3,left_heel_overload,shuffling_low_cadence,0,52.41071418178433
1666,15,s15_g3,left_heel_overload,left_heel_overload,1,47.429850765536536
1667,15,s15_g3,left_heel_overload,left_heel_overload,1,76.21858404467088
1668,15,s15_g4,right_heel_overload,right_heel_overload,1,99.41746860745917
1669,15,s15_g4,right_heel_overload,right_heel_overload,1,75.69216677418456
1670,15,s15_g4,right_heel_overload,right_heel_overload,1,57.14502132889482
1671,15,s15_g4,right_heel_overload,right_heel_overload,1,78.51896080078947
1672,15,s15_g4,right_heel_overload,right_heel_overload,1,98.97884805857937
1673,15,s15_g4,right_heel_overload,right_heel_overload,1,72.72765064185795
1674,15,s15_g4,right_heel_overload,right_heel_overload,1,100.8472686449583
1675,15,s15_g4,right_heel_overload,right_heel_overload,1,115.32040405352708
1676,15,s15_g4,right_heel_overload,right_heel_overload,1,73.90033197710977
1677,15,s15_g4,right_heel_overload,right_heel_overload,1,71.55160021605273
1678,15,s15_g4,right_heel_overload,right_heel_overload,1,110.89240806236066
1679,15,s15_g4,right_heel_overload,right_heel_overload,1,132.52653449925558
1680,15,s15_g5,left_lateral_overload,normal,0,41.830349156515325
1681,15,s15_g5,left_lateral_overload,left_lateral_overload,1,49.22808940287885
1682,15,s15_g5,left_lateral_overload,left_lateral_overload,1,54.27687336699778
1683,15,s15_g5,left_lateral_overload,left_lateral_overload,1,61.707856394895245
1684,15,s15_g5,left_lateral_overload,left_lateral_overload,1,58.29189718570678
1685,15,s15_g5,left_lateral_overload,left_lateral_overload,1,83.11823727964219
1686,15,s15_g5,left_lateral_overload,left_lateral_overload,1,60.11138817414748
1687,15,s15_g5,left_lateral_overload,left_lateral_overload,1,64.57711552468339
1688,15,s15_g5,left_lateral_overload,normal,0,41.96934259034745
1689,15,s15_g5,left_lateral_overload,left_lateral_overload,1,45.14434856261661
1690,15,s15_g5,left_lateral_overload,left_lateral_overload,1,76.23732665664187
1691,15,s15_g5,left_lateral_overload,left_lateral_overload,1,45.20205104686076
1692,15,s15_g6,right_lateral_overload,shuffling_low_cadence,0,40.095406895436646
1693,15,s15_g6,right_lateral_overload,right_lateral_overload,1,53.17121074663088
1694,15,s15_g6,right_lateral_overload,right_lateral_overload,1,69.24705591434201
1695,15,s15_g6,right_lateral_overload,right_lateral_overload,1,44.35353489569083
1696,15,s15_g6,right_lateral_overload,normal,0,44.5965676053039
1697,15,s15_g6,right_lateral_overload,right_lateral_overload,1,61.0965502856542
1698,15,s15_g6,right_lateral_overload,right_lateral_overload,1,47.210909799739255
1699,15,s15_g6,right_lateral_overload,right_lateral_overload,1,39.65542467844248
1700,15,s15_g6,right_lateral_overload,right_lateral_overload,1,63.819947335868825
1701,15,s15_g6,right_lateral_overload,right_lateral_overload,1,39.691205014426934
1702,15,s15_g6,right_lateral_overload,right_lateral_overload,1,64.42321578686416
1703,15,s15_g6,shuffling_low_cadence,right_lateral_overload,0,84.11150763716256
1704,15,s15_g7,asymmetric_antalgic,asymmetric_antalgic,1,56.62223668541986
1705,15,s15_g7,asymmetric_antalgic,asymmetric_antalgic,1,45.65252025092385
1706,15,s15_g7,asymmetric_antalgic,asymmetric_antalgic,1,39.50206070944603
1707,15,s15_g7,asymmetric_antalgic,asymmetric_antalgic,1,43.230204976388066
1708,15,s15_g7,asymmetric_antalgic,asymmetric_antalgic,1,53.910604660730286
1709,15,s15_g7,asymmetric_antalgic,asymmetric_antalgic,1,37.35603289247294
1710,15,s15_g7,asymmetric_antalgic,asymmetric_antalgic,1,41.142107726890515
1711,15,s15_g7,asymmetric_antalgic,asymmetric_antalgic,1,46.230012289734454
1712,15,s15_g7,asymmetric_antalgic,shuffling_low_cadence,0,31.429474993957925
1713,15,s15_g7,asymmetric_antalgic,asymmetric_antalgic,1,53.21249381626919
1714,15,s15_g7,asymmetric_antalgic,asymmetric_antalgic,1,55.02863876957475
1715,15,s15_g7,asymmetric_antalgic,shuffling_low_cadence,0,33.174595656350455
1716,15,s15_g8,shuffling_low_cadence,shuffling_low_cadence,1,25.424951774679336
1717,15,s15_g8,shuffling_low_cadence,shuffling_low_cadence,1,31.041274566488347
1718,15,s15_g8,shuffling_low_cadence,shuffling_low_cadence,1,25.73938483492715
1719,15,s15_g8,shuffling_low_cadence,shuffling_low_cadence,1,25.250230113353663
1720,15,s15_g8,shuffling_low_cadence,shuffling_low_cadence,1,34.788871398416596
1721,15,s15_g8,shuffling_low_cadence,shuffling_low_cadence,1,31.76557132675412
1722,15,s15_g8,shuffling_low_cadence,shuffling_low_cadence,1,28.851520390934382
1723,15,s15_g8,shuffling_low_cadence,shuffling_low_cadence,1,34.654626240897805
1724,15,s15_g8,shuffling_low_cadence,shuffling_low_cadence,1,25.10021887603886
1725,15,s15_g8,left_forefoot_overload,shuffling_low_cadence,0,28.029441824616768
1726,15,s15_g8,shuffling_low_cadence,shuffling_low_cadence,1,27.88989699732023
1727,15,s15_g8,shuffling_low_cadence,shuffling_low_cadence,1,30.243688912063263
1728,16,s16_g0,normal,normal,1,40.51316884611061
1729,16,s16_g0,normal,right_lateral_overload,0,52.4559586818034
1730,16,s16_g0,normal,right_lateral_overload,0,61.444238487235374
1731,16,s16_g0,normal,normal,1,58.1553776803951
1732,16,s16_g0,normal,normal,1,52.540231431003036
1733,16,s16_g0,normal,right_lateral_overload,0,47.39684324131237
1734,16,s16_g0,normal,right_lateral_overload,0,53.67130811313048
1735,16,s16_g0,normal,normal,1,50.0639297236376
1736,16,s16_g0,normal,right_heel_overload,0,58.05983843180251
1737,16,s16_g0,normal,right_heel_overload,0,55.78412628126924
1738,16,s16_g0,normal,normal,1,47.69460269014656
1739,16,s16_g0,normal,normal,1,43.31289059009602
1740,16,s16_g1,left_forefoot_overload,left_forefoot_overload,1,60.66470437591768
1741,16,s16_g1,left_forefoot_overload,right_heel_overload,0,96.06985919290283
1742,16,s16_g1,left_forefoot_overload,left_forefoot_overload,1,101.02892011619677
1743,16,s16_g1,left_forefoot_overload,left_forefoot_overload,1,115.57792266493983
1744,16,s16_g1,left_forefoot_overload,left_forefoot_overload,1,155.1934623635682
1745,16,s16_g1,left_forefoot_overload,left_forefoot_overload,1,81.21479345664196
1746,16,s16_g1,left_forefoot_overload,left_forefoot_overload,1,100.30082590294408
1747,16,s16_g1,left_forefoot_overload,right_heel_overload,0,133.89085982066558
1748,16,s16_g1,left_forefoot_overload,left_forefoot_overload,1,95.27532885968128
1749,16,s16_g1,left_forefoot_overload,left_forefoot_overload,1,61.48339670984462
1750,16,s16_g1,left_forefoot_overload,left_forefoot_overload,1,77.44020429192678
1751,16,s16_g1,left_forefoot_overload,left_forefoot_overload,1,118.80258084557342
1752,16,s16_g2,right_forefoot_overload,right_lateral_overload,0,78.7807374370643
1753,16,s16_g2,right_forefoot_overload,right_forefoot_overload,1,146.01481141044184
1754,16,s16_g2,right_forefoot_overload,right_forefoot_overload,1,140.82210161113633
1755,16,s16_g2,right_forefoot_overload,right_forefoot_overload,1,108.49973165065879
1756,16,s16_g2,right_forefoot_overload,right_forefoot_overload,1,60.02297390713554
1757,16,s16_g2,right_forefoot_overload,right_forefoot_overload,1,102.06068326203966
1758,16,s16_g2,right_forefoot_overload,right_forefoot_overload,1,141.01736522084752
1759,16,s16_g2,right_forefoot_overload,right_lateral_overload,0,87.39769933899905
1760,16,s16_g2,right_forefoot_overload,right_forefoot_overload,1,127.58348247225602
1761,16,s16_g2,right_forefoot_overload,right_forefoot_overload,1,121.22202543342141
1762,16,s16_g2,right_forefoot_overload,right_forefoot_overload,1,142.85042897240092
1763,16,s16_g2,right_forefoot_overload,right_forefoot_overload,1,128.56839121060995
1764,16,s16_g3,left_heel_overload,left_heel_overload,1,125.76929999283473
1765,16,s16_g3,left_heel_overload,left_heel_overload,1,115.14619136239757
1766,16,s16_g3,left_heel_overload,right_lateral_overload,0,187.09587363959406
1767,16,s16_g3,left_heel_overload,right_lateral_overload,0,90.25816479860663
1768,16,s16_g3,left_heel_overload,left_heel_overload,1,112.3656850314893
1769,16,s16_g3,left_heel_overload,left_heel_overload,1,99.23191356129747
1770,16,s16_g3,left_heel_overload,left_heel_overload,1,49.39964168325274
1771,16,s16_g3,left_heel_overload,left_heel_overload,1,153.72506432483613
1772,16,s16_g3,left_heel_overload,left_heel_overload,1,69.55242574205494
1773,16,s16_g3,left_heel_overload,right_lateral_overload,0,127.9981943964924
1774,16,s16_g3,left_heel_overload,left_heel_overload,1,124.73188140784161
1775,16,s16_g3,left_heel_overload,right_lateral_overload,0,91.91043271604308
1776,16,s16_g4,right_heel_overload,right_heel_overload,1,139.54082501127215
1777,16,s16_g4,right_heel_overload,right_heel_overload,1,104.55013573521077
1778,16,s16_g4,right_heel_overload,right_heel_overload,1,136.59208393065208
1779,16,s16_g4,right_heel_overload,right_heel_overload,1,80.0263155454165
1780,16,s16_g4,right_heel_overload,right_heel_overload,1,97.87324264080524
1781,16,s16_g4,right_heel_overload,right_heel_overload,1,137.6816492681936
1782,16,s16_g4,right_heel_overload,right_heel_overload,1,154.08141854522464
1783,16,s16_g4,right_heel_overload,right_heel_overload,1,90.99145253502317
1784,16,s16_g4,right_heel_overload,right_heel_overload,1,181.01347964304057
1785,16,s16_g4,right_heel_overload,right_heel_overload,1,170.8533785722573
1786,16,s16_g4,right_heel_overload,right_heel_overload,1,62.70526241684119
1787,16,s16_g4,right_heel_overload,right_heel_overload,1,138.03331921288242
1788,16,s16_g5,left_lateral_overload,left_lateral_overload,1,53.90367270927436
1789,16,s16_g5,left_lateral_overload,left_lateral_overload,1,94.57003368092589
1790,16,s16_g5,left_lateral_overload,left_lateral_overload,1,52.75696454721696
1791,16,s16_g5,left_lateral_overload,left_lateral_overload,1,58.64803185410289
1792,16,s16_g5,left_lateral_overload,left_lateral_overload,1,186.29966095174564
1793,16,s16_g5,left_lateral_overload,left_lateral_overload,1,73.52613641436245
1794,16,s16_g5,left_lateral_overload,left_lateral_overload,1,73.8593031675847
1795,16,s16_g5,left_lateral_overload,left_lateral_overload,1,65.24667236700671
1796,16,s16_g5,left_lateral_overload,left_lateral_overload,1,89.8712088034584
1797,16,s16_g5,left_lateral_overload,left_lateral_overload,1,111.47617698790101
1798,16,s16_g5,left_lateral_overload,left_lateral_overload,1,92.94234303570629
1799,16,s16_g5,left_lateral_overload,left_lateral_overload,1,114.59185497353319
1800,16,s16_g6,right_lateral_overload,right_lateral_overload,1,97.31431284613075
1801,16,s16_g6,right_lateral_overload,right_lateral_overload,1,167.83452548915116
1802,16,s16_g6,right_lateral_overload,right_lateral_overload,1,97.37384310776042
1803,16,s16_g6,right_lateral_overload,right_lateral_overload,1,93.53684733878188
1804,16,s16_g6,right_lateral_overload,right_lateral_overload,1,136.65606880955676
1805,16,s16_g6,right_lateral_overload,right_lateral_overload,1,123.63002517931406
1806,16,s16_g6,right_lateral_overload,right_lateral_overload,1,82.04354407248903
1807,16,s16_g6,right_lateral_overload,right_lateral_overload,1,123.34565764167823
1808,16,s16_g6,right_lateral_overload,right_lateral_overload,1,99.19541730290767
1809,16,s16_g6,right_lateral_overload,right_lateral_overload,1,89.88342726439176
1810,16,s16_g6,right_lateral_overload,right_lateral_overload,1,104.3553033864624
1811,16,s16_g6,right_lateral_overload,right_lateral_overload,1,83.87313217435398
1812,16,s16_g7,asymmetric_antalgic,asymmetric_antalgic,1,51.828968772424105
1813,16,s16_g7,asymmetric_antalgic,asymmetric_antalgic,1,42.420722019631924
1814,16,s16_g7,asymmetric_antalgic,asymmetric_antalgic,1,54.611060493183146
1815,16,s16_g7,asymmetric_antalgic,asymmetric_antalgic,1,49.385690571711464
1816,16,s16_g7,asymmetric_antalgic,asymmetric_antalgic,1,78.1295383739711
1817,16,s16_g7,asymmetric_antalgic,asymmetric_antalgic,1,81.86518792397607
1818,16,s16_g7,asymmetric_antalgic,asymmetric_antalgic,1,75.17168335860298
1819,16,s16_g7,asymmetric_antalgic,asymmetric_antalgic,1,57.76357307461599
1820,16,s16_g7,asymmetric_antalgic,asymmetric_antalgic,1,42.59768530340216
1821,16,s16_g7,asymmetric_antalgic,asymmetric_antalgic,1,67.87959160137414
1822,16,s16_g7,asymmetric_antalgic,asymmetric_antalgic,1,77.15175753804269
1823,16,s16_g7,asymmetric_antalgic,asymmetric_antalgic,1,55.733712829052244
1824,16,s16_g8,shuffling_low_cadence,shuffling_low_cadence,1,31.332955402056143
1825,16,s16_g8,shuffling_low_cadence,shuffling_low_cadence,1,30.059274749015387
1826,16,s16_g8,shuffling_low_cadence,shuffling_low_cadence,1,40.12619974259552
1827,16,s16_g8,shuffling_low_cadence,shuffling_low_cadence,1,33.62762591781749
1828,16,s16_g8,shuffling_low_cadence,shuffling_low_cadence,1,37.63268462072775
1829,16,s16_g8,shuffling_low_cadence,shuffling_low_cadence,1,31.125057763858212
1830,16,s16_g8,left_forefoot_overload,shuffling_low_cadence,0,41.455172631812125
1831,16,s16_g8,shuffling_low_cadence,shuffling_low_cadence,1,36.944788799251356
1832,16,s16_g8,shuffling_low_cadence,shuffling_low_cadence,1,32.37377783728041
1833,16,s16_g8,shuffling_low_cadence,shuffling_low_cadence,1,37.30332340153573
1834,16,s16_g8,shuffling_low_cadence,normal,0,38.09857734566064
1835,16,s16_g8,shuffling_low_cadence,normal,0,39.07349501414706
1836,17,s17_g0,normal,shuffling_low_cadence,0,40.39710364431531
1837,17,s17_g0,shuffling_low_cadence,normal,0,49.25297687535233
1838,17,s17_g0,normal,normal,1,37.28299366825895
1839,17,s17_g0,normal,normal,1,50.523402594623455
1840,17,s17_g0,normal,normal,1,48.54451389858805
1841,17,s17_g0,normal,normal,1,49.131783622113346
1842,17,s17_g0,normal,normal,1,52.90047389855467
1843,17,s17_g0,normal,normal,1,50.60408375920436
1844,17,s17_g0,normal,normal,1,42.17288945615248
1845,17,s17_g0,normal,normal,1,41.575675715389565
1846,17,s17_g0,normal,shuffling_low_cadence,0,48.61103763634922
1847,17,s17_g0,normal,normal,1,47.67477813549441
1848,17,s17_g1,left_forefoot_overload,normal,0,55.702150953963795
1849,17,s17_g1,left_forefoot_overload,left_forefoot_overload,1,93.61684254334526
1850,17,s17_g1,left_forefoot_overload,left_forefoot_overload,1,108.11640105066118
1851,17,s17_g1,left_forefoot_overload,left_forefoot_overload,1,134.73997478742976
1852,17,s17_g1,left_forefoot_overload,left_forefoot_overload,1,87.50151200397741
1853,17,s17_g1,left_forefoot_overload,left_forefoot_overload,1,58.67004731258363
1854,17,s17_g1,left_forefoot_overload,left_forefoot_overload,1,81.64648400369795
1855,17,s17_g1,left_forefoot_overload,left_forefoot_overload,1,56.65073250981858
1856,17,s17_g1,left_forefoot_overload,left_forefoot_overload,1,55.46593009735805
1857,17,s17_g1,left_forefoot_overload,left_forefoot_overload,1,79.41896013681526
1858,17,s17_g1,left_forefoot_overload,left_forefoot_overload,1,59.505457344833864
1859,17,s17_g1,left_forefoot_overload,left_forefoot_overload,1,125.53009956919753
1860,17,s17_g2,right_forefoot_overload,right_forefoot_overload,1,94.48375054271132
1861,17,s17_g2,right_forefoot_overload,right_forefoot_overload,1,98.92231860218466
1862,17,s17_g2,right_forefoot_overload,right_forefoot_overload,1,65.13939791244619
1863,17,s17_g2,right_forefoot_overload,right_forefoot_overload,1,99.07707062152748
1864,17,s17_g2,right_forefoot_overload,right_forefoot_overload,1,174.98287817615977
1865,17,s17_g2,right_forefoot_overload,right_forefoot_overload,1,86.21739293762339
1866,17,s17_g2,right_forefoot_overload,right_forefoot_overload,1,87.57494134224692
1867,17,s17_g2,right_forefoot_overload,right_forefoot_overload,1,124.09019139975341
1868,17,s17_g2,right_forefoot_overload,right_forefoot_overload,1,80.600010388824
1869,17,s17_g2,right_forefoot_overload,right_forefoot_overload,1,97.08917568010506
1870,17,s17_g2,right_forefoot_overload,right_forefoot_overload,1,74.05453700995226
1871,17,s17_g2,right_forefoot_overload,right_forefoot_overload,1,99.63905583608981
1872,17,s17_g3,left_heel_overload,left_heel_overload,1,142.8474497128442
1873,17,s17_g3,left_heel_overload,left_heel_overload,1,99.71681002985889
1874,17,s17_g3,left_heel_overload,left_heel_overload,1,76.96201451984342
1875,17,s17_g3,left_heel_overload,left_heel_overload,1,80.57774620085604
1876,17,s17_g3,left_heel_overload,left_heel_overload,1,80.73275556287494
1877,17,s17_g3,left_heel_overload,left_heel_overload,1,77.5163274761281
1878,17,s17_g3,left_heel_overload,left_heel_overload,1,98.47851454023413
1879,17,s17_g3,left_heel_overload,left_heel_overload,1,123.68490023117793
1880,17,s17_g3,left_heel_overload,left_heel_overload,1,75.08095716753098
1881,17,s17_g3,left_heel_overload,left_heel_overload,1,94.3516504210849
1882,17,s17_g3,right_heel_overload,left_heel_overload,0,83.83258459578585
1883,17,s17_g3,left_heel_overload,left_heel_overload,1,122.92896797883851
1884,17,s17_g4,right_heel_overload,right_heel_overload,1,70.53624804133152
1885,17,s17_g4,right_heel_overload,right_heel_overload,1,59.46752036111908
1886,17,s17_g4,right_heel_overload,right_heel_overload,1,97.35425400820402
1887,17,s17_g4,right_heel_overload,right_heel_overload,1,48.40416945283293
1888,17,s17_g4,right_heel_overload,right_heel_overload,1,93.61646020060944
1889,17,s17_g4,right_heel_overload,right_heel_overload,1,57.20627770393226
1890,17,s17_g4,right_heel_overload,right_heel_overload,1,89.28471444285205
1891,17,s17_g4,right_heel_overload,right_heel_overload,1,46.348817941576
1892,17,s17_g4,right_heel_overload,right_heel_overload,1,114.05918077746881
1893,17,s17_g4,right_heel_overload,right_heel_overload,1,99.45285871631197
1894,17,s17_g4,right_heel_overload,right_heel_overload,1,64.95367922957703
1895,17,s17_g4,right_heel_overload,right_heel_overload,1,64.89508764975899
1896,17,s17_g5,left_lateral_overload,left_lateral_overload,1,100.29890492968144
1897,17,s17_g5,right_lateral_overload,normal,0,47.51510833202827
1898,17,s17_g5,left_lateral_overload,left_lateral_overload,1,113.04293705957419
1899,17,s17_g5,left_lateral_overload,left_lateral_overload,1,67.63101499230324
1900,17,s17_g5,left_lateral_overload,left_lateral_overload,1,64.24858952652252
1901,17,s17_g5,left_lateral_overload,left_lateral_overload,1,108.8836277388231
1902,17,s17_g5,left_lateral_overload,left_lateral_overload,1,89.40172852075196
1903,17,s17_g5,left_lateral_overload,left_lateral_overload,1,98.51741700177934
1904,17,s17_g5,left_lateral_overload,left_lateral_overload,1,92.19468358983073
1905,17,s17_g5,left_lateral_overload,left_lateral_overload,1,148.39498193159247
1906,17,s17_g5,left_lateral_overload,left_lateral_overload,1,59.193705303620085
1907,17,s17_g5,left_lateral_overload,left_lateral_overload,1,102.63432688525083
1908,17,s17_g6,right_lateral_overload,right_lateral_overload,1,91.25316077704765
1909,17,s17_g6,right_lateral_overload,right_lateral_overload,1,86.02802883042217
1910,17,s17_g6,right_lateral_overload,right_lateral_overload,1,93.34799316735395
1911,17,s17_g6,right_lateral_overload,right_lateral_overload,1,48.01093744702253
1912,17,s17_g6,right_lateral_overload,right_lateral_overload,1,80.29366500530378
1913,17,s17_g6,right_lateral_overload,right_lateral_overload,1,82.74468498247175
1914,17,s17_g6,right_lateral_overload,right_lateral_overload,1,165.45442490531877
1915,17,s17_g6,right_lateral_overload,right_lateral_overload,1,78.44830823527593
1916,17,s17_g6,right_lateral_overload,right_lateral_overload,1,101.3643660751316
1917,17,s17_g6,right_lateral_overload,right_lateral_overload,1,164.78890957359107
1918,17,s17_g6,right_lateral_overload,right_lateral_overload,1,118.2199802489238
1919,17,s17_g6,right_lateral_overload,right_lateral_overload,1,80.70490176121245
1920,17,s17_g7,asymmetric_antalgic,asymmetric_antalgic,1,60.28421181842851
1921,17,s17_g7,asymmetric_antalgic,asymmetric_antalgic,1,39.70631068679829
1922,17,s17_g7,asymmetric_antalgic,asymmetric_antalgic,1,86.81654293756587
1923,17,s17_g7,asymmetric_antalgic,asymmetric_antalgic,1,67.31594684217984
1924,17,s17_g7,asymmetric_antalgic,asymmetric_antalgic,1,71.37869488104283
1925,17,s17_g7,asymmetric_antalgic,asymmetric_antalgic,1,59.95003509654504
1926,17,s17_g7,asymmetric_antalgic,asymmetric_antalgic,1,49.74179509639705
1927,17,s17_g7,asymmetric_antalgic,asymmetric_antalgic,1,46.53324914962452
1928,17,s17_g7,asymmetric_antalgic,asymmetric_antalgic,1,53.84361143086612
1929,17,s17_g7,asymmetric_antalgic,asymmetric_antalgic,1,47.23177735149164
1930,17,s17_g7,asymmetric_antalgic,asymmetric_antalgic,1,54.165311726848614
1931,17,s17_g7,asymmetric_antalgic,asymmetric_antalgic,1,62.211592136099675
1932,17,s17_g8,shuffling_low_cadence,shuffling_low_cadence,1,24.100806105515222
1933,17,s17_g8,shuffling_low_cadence,shuffling_low_cadence,1,33.050609892240175
1934,17,s17_g8,shuffling_low_cadence,shuffling_low_cadence,1,32.59238468271023
1935,17,s17_g8,shuffling_low_cadence,shuffling_low_cadence,1,26.300500843573634
1936,17,s17_g8,shuffling_low_cadence,shuffling_low_cadence,1,34.58039878061315
1937,17,s17_g8,shuffling_low_cadence,shuffling_low_cadence,1,31.75718761976257
1938,17,s17_g8,shuffling_low_cadence,shuffling_low_cadence,1,30.716663410605683
1939,17,s17_g8,normal,shuffling_low_cadence,0,29.04597093888691
1940,17,s17_g8,shuffling_low_cadence,shuffling_low_cadence,1,31.432564327059463
1941,17,s17_g8,shuffling_low_cadence,shuffling_low_cadence,1,27.026940311827467
1942,17,s17_g8,shuffling_low_cadence,shuffling_low_cadence,1,32.476511094689954
1943,17,s17_g8,shuffling_low_cadence,shuffling_low_cadence,1,41.24529768508716
1944,18,s18_g0,normal,normal,1,38.623007495028546
1945,18,s18_g0,normal,normal,1,37.72656923222077
1946,18,s18_g0,normal,normal,1,41.73666839320076
1947,18,s18_g0,normal,normal,1,48.777765876135575
1948,18,s18_g0,normal,normal,1,43.80254642321928
1949,18,s18_g0,normal,normal,1,33.60933682156384
1950,18,s18_g0,normal,normal,1,34.30751314883817
1951,18,s18_g0,normal,normal,1,42.27545348310016
1952,18,s18_g0,normal,normal,1,53.581690286802925
1953,18,s18_g0,normal,normal,1,40.57179368065086
1954,18,s18_g0,normal,normal,1,36.67014140075733
1955,18,s18_g0,normal,normal,1,45.23325286689737
1956,18,s18_g1,left_forefoot_overload,left_forefoot_overload,1,148.82700396192703
1957,18,s18_g1,left_forefoot_overload,left_forefoot_overload,1,142.55784993788362
1958,18,s18_g1,left_forefoot_overload,left_forefoot_overload,1,86.5523339721762
1959,18,s18_g1,left_forefoot_overload,left_forefoot_overload,1,81.6481794098701
1960,18,s18_g1,left_forefoot_overload,left_forefoot_overload,1,141.8211278410769
1961,18,s18_g1,left_forefoot_overload,left_forefoot_overload,1,75.19041079860426
1962,18,s18_g1,left_forefoot_overload,left_forefoot_overload,1,71.75977436149252
1963,18,s18_g1,left_forefoot_overload,left_forefoot_overload,1,84.56921209934407
1964,18,s18_g1,left_forefoot_overload,normal,0,42.349608663615555
1965,18,s18_g1,left_forefoot_overload,left_forefoot_overload,1,148.03473530621778
1966,18,s18_g1,left_forefoot_overload,left_forefoot_overload,1,76.15232029016721
1967,18,s18_g1,left_forefoot_overload,left_forefoot_overload,1,110.53471700496576
1968,18,s18_g2,right_forefoot_overload,right_forefoot_overload,1,45.80853561339649
1969,18,s18_g2,right_forefoot_overload,right_forefoot_overload,1,76.57801362079056
1970,18,s18_g2,right_forefoot_overload,right_forefoot_overload,1,78.07744644818054
1971,18,s18_g2,right_forefoot_overload,right_forefoot_overload,1,68.64193785170514
1972,18,s18_g2,right_forefoot_overload,right_forefoot_overload,1,87.24369202844777
1973,18,s18_g2,right_forefoot_overload,right_forefoot_overload,1,74.96180499534684
1974,18,s18_g2,right_forefoot_overload,right_forefoot_overload,1,97.8676600540903
1975,18,s18_g2,right_forefoot_overload,right_forefoot_overload,1,65.42552876871035
1976,18,s18_g2,right_forefoot_overload,right_forefoot_overload,1,61.57530910574202
1977,18,s18_g2,right_forefoot_overload,right_forefoot_overload,1,77.79156991608669
1978,18,s18_g2,right_forefoot_overload,right_forefoot_overload,1,67.69627821094537
1979,18,s18_g2,right_forefoot_overload,right_forefoot_overload,1,137.3216554285317
1980,18,s18_g3,left_heel_overload,left_heel_overload,1,67.70557696254643
1981,18,s18_g3,left_heel_overload,left_heel_overload,1,109.92763286968804
1982,18,s18_g3,left_heel_overload,left_heel_overload,1,114.26086988689826
1983,18,s18_g3,left_heel_overload,left_heel_overload,1,80.93546669507425
1984,18,s18_g3,left_heel_overload,normal,0,64.27153294233027
1985,18,s18_g3,left_heel_overload,left_heel_overload,1,62.25385446114003
1986,18,s18_g3,left_heel_overload,left_heel_overload,1,160.87454637491618
1987,18,s18_g3,left_heel_overload,left_heel_overload,1,136.08183852537178
1988,18,s18_g3,left_heel_overload,left_heel_overload,1,72.73144180700257
1989,18,s18_g3,left_heel_overload,normal,0,52.36585925513371
1990,18,s18_g3,left_heel_overload,left_heel_overload,1,66.63641699929816
1991,18,s18_g3,left_heel_overload,left_heel_overload,1,77.40668208530425
1992,18,s18_g4,right_heel_overload,normal,0,53.76803006801114
1993,18,s18_g4,right_heel_overload,right_heel_overload,1,72.16607284568339
1994,18,s18_g4,right_heel_overload,right_heel_overload,1,72.83058572692477
1995,18,s18_g4,right_heel_overload,right_heel_overload,1,112.48697151038299
1996,18,s18_g4,right_heel_overload,right_heel_overload,1,62.22978063118513
1997,18,s18_g4,right_heel_overload,right_heel_overload,1,125.04701525064942
1998,18,s18_g4,right_heel_overload,right_heel_overload,1,56.329839732600064
1999,18,s18_g4,right_heel_overload,right_heel_overload,1,121.03627347681905
2000,18,s18_g4,right_heel_overload,normal,0,58.792198913412726
2001,18,s18_g4,right_heel_overload,right_heel_overload,1,100.14113319533097
2002,18,s18_g4,right_heel_overload,right_heel_overload,1,102.80443289396901
2003,18,s18_g4,right_heel_overload,right_heel_overload,1,85.07927472188504
2004,18,s18_g5,left_lateral_overload,left_lateral_overload,1,96.303939592093
2005,18,s18_g5,left_lateral_overload,left_lateral_overload,1,94.9620154181854
2006,18,s18_g5,left_lateral_overload,left_lateral_overload,1,107.68346616863758
2007,18,s18_g5,left_lateral_overload,left_lateral_overload,1,153.28099068215732
2008,18,s18_g5,left_lateral_overload,left_lateral_overload,1,88.03578009911907
2009,18,s18_g5,left_lateral_overload,left_lateral_overload,1,136.08352670832255
2010,18,s18_g5,left_lateral_overload,left_lateral_overload,1,76.77068852169943
2011,18,s18_g5,left_lateral_overload,left_lateral_overload,1,46.083136766037626
2012,18,s18_g5,left_lateral_overload,left_lateral_overload,1,54.86950706618327
2013,18,s18_g5,left_lateral_overload,left_lateral_overload,1,46.36347930941106
2014,18,s18_g5,left_lateral_overload,left_lateral_overload,1,64.06337383872157
2015,18,s18_g5,normal,left_lateral_overload,0,101.76164158668371
2016,18,s18_g6,right_lateral_overload,right_lateral_overload,1,93.43098092419747
2017,18,s18_g6,right_lateral_overload,right_lateral_overload,1,111.31879385746386
2018,18,s18_g6,right_lateral_overload,right_lateral_overload,1,63.646768494864425
2019,18,s18_g6,right_lateral_overload,right_lateral_overload,1,167.2541739465831
2020,18,s18_g6,right_lateral_overload,right_lateral_overload,1,56.17892334812897
2021,18,s18_g6,right_lateral_overload,right_lateral_overload,1,80.77610471073395
2022,18,s18_g6,right_lateral_overload,right_lateral_overload,1,135.31223164525028
2023,18,s18_g6,right_lateral_overload,right_lateral_overload,1,61.29048660317602
2024,18,s18_g6,right_lateral_overload,right_lateral_overload,1,130.1740291799824
2025,18,s18_g6,right_lateral_overload,right_lateral_overload,1,100.94700964025938
2026,18,s18_g6,right_lateral_overload,right_lateral_overload,1,149.89368196430937
2027,18,s18_g6,right_lateral_overload,right_lateral_overload,1,95.44856004836645
2028,18,s18_g7,asymmetric_antalgic,asymmetric_antalgic,1,58.64735908536885
2029,18,s18_g7,asymmetric_antalgic,asymmetric_antalgic,1,36.44689669752143
2030,18,s18_g7,asymmetric_antalgic,asymmetric_antalgic,1,46.20970117813108
2031,18,s18_g7,asymmetric_antalgic,asymmetric_antalgic,1,48.16863597407987
2032,18,s18_g7,asymmetric_antalgic,asymmetric_antalgic,1,50.77627418269279
2033,18,s18_g7,asymmetric_antalgic,asymmetric_antalgic,1,50.173419366936386
2034,18,s18_g7,asymmetric_antalgic,asymmetric_antalgic,1,56.3421579029207
2035,18,s18_g7,asymmetric_antalgic,asymmetric_antalgic,1,52.786095043639314
2036,18,s18_g7,asymmetric_antalgic,asymmetric_antalgic,1,37.85403697821754
2037,18,s18_g7,asymmetric_antalgic,asymmetric_antalgic,1,36.169658751056225
2038,18,s18_g7,asymmetric_antalgic,asymmetric_antalgic,1,60.59318386352432
2039,18,s18_g7,asymmetric_antalgic,asymmetric_antalgic,1,45.84876601860786
2040,18,s18_g8,shuffling_low_cadence,shuffling_low_cadence,1,31.247608949289845
2041,18,s18_g8,shuffling_low_cadence,shuffling_low_cadence,1,33.929022155477405
2042,18,s18_g8,shuffling_low_cadence,shuffling_low_cadence,1,28.192590964194142
2043,18,s18_g8,right_lateral_overload,normal,0,34.58324379156188
2044,18,s18_g8,shuffling_low_cadence,shuffling_low_cadence,1,25.809628802978715
2045,18,s18_g8,shuffling_low_cadence,shuffling_low_cadence,1,29.75417891983198
2046,18,s18_g8,shuffling_low_cadence,shuffling_low_cadence,1,28.276096446061295
2047,18,s18_g8,shuffling_low_cadence,shuffling_low_cadence,1,26.726050271217925
2048,18,s18_g8,shuffling_low_cadence,shuffling_low_cadence,1,36.21204562850625
2049,18,s18_g8,shuffling_low_cadence,shuffling_low_cadence,1,32.29720580878474
2050,18,s18_g8,shuffling_low_cadence,shuffling_low_cadence,1,33.99587377965312
2051,18,s18_g8,shuffling_low_cadence,shuffling_low_cadence,1,32.32768251257417
2052,19,s19_g0,normal,normal,1,44.95961696405656
2053,19,s19_g0,normal,normal,1,47.99727976886162
2054,19,s19_g0,normal,normal,1,40.59342085198212
2055,19,s19_g0,normal,shuffling_low_cadence,0,30.711865242556247
2056,19,s19_g0,normal,normal,1,42.521662498342806
2057,19,s19_g0,normal,shuffling_low_cadence,0,37.44046490457275
2058,19,s19_g0,normal,normal,1,36.19066618473087
2059,19,s19_g0,normal,normal,1,38.41751246699412
2060,19,s19_g0,normal,normal,1,40.39179713932953
2061,19,s19_g0,normal,normal,1,34.962330781414515
2062,19,s19_g0,normal,normal,1,46.93650068294549
2063,19,s19_g0,normal,normal,1,47.83475441221763
2064,19,s19_g1,left_forefoot_overload,left_forefoot_overload,1,99.47677708730554
2065,19,s19_g1,left_forefoot_overload,left_forefoot_overload,1,73.70783878277219
2066,19,s19_g1,left_forefoot_overload,left_forefoot_overload,1,72.97782474443515
2067,19,s19_g1,left_forefoot_overload,normal,0,37.24768621766866
2068,19,s19_g1,left_forefoot_overload,left_forefoot_overload,1,70.33780733634187
2069,19,s19_g1,left_forefoot_overload,left_forefoot_overload,1,109.8932594905777
2070,19,s19_g1,left_forefoot_overload,left_forefoot_overload,1,108.15642232293271
2071,19,s19_g1,left_forefoot_overload,left_forefoot_overload,1,50.1683325545997
2072,19,s19_g1,left_forefoot_overload,left_forefoot_overload,1,66.05916711565798
2073,19,s19_g1,left_forefoot_overload,left_forefoot_overload,1,62.39799368022687
2074,19,s19_g1,left_forefoot_overload,left_forefoot_overload,1,72.75152373190747
2075,19,s19_g1,left_forefoot_overload,left_forefoot_overload,1,47.714509082519484
2076,19,s19_g2,right_forefoot_overload,right_forefoot_overload,1,68.51530240653432
2077,19,s19_g2,right_forefoot_overload,right_forefoot_overload,1,52.662784532476316
2078,19,s19_g2,right_forefoot_overload,right_forefoot_overload,1,54.44218560860121
2079,19,s19_g2,right_forefoot_overload,right_forefoot_overload,1,53.37079204377554
2080,19,s19_g2,right_forefoot_overload,right_forefoot_overload,1,69.41586370891704
2081,19,s19_g2,right_forefoot_overload,right_forefoot_overload,1,71.27663701931455
2082,19,s19_g2,right_forefoot_overload,right_forefoot_overload,1,80.13804966535922
2083,19,s19_g2,right_forefoot_overload,right_forefoot_overload,1,52.56149127315842
2084,19,s19_g2,right_forefoot_overload,right_forefoot_overload,1,82.44800971593713
2085,19,s19_g2,right_forefoot_overload,right_forefoot_overload,1,54.907792488522034
2086,19,s19_g2,right_forefoot_overload,right_forefoot_overload,1,75.75506101244255
2087,19,s19_g2,right_forefoot_overload,right_forefoot_overload,1,92.4206870357474
2088,19,s19_g3,left_heel_overload,left_heel_overload,1,93.47007834327766
2089,19,s19_g3,left_heel_overload,left_heel_overload,1,66.60558930447743
2090,19,s19_g3,left_heel_overload,left_heel_overload,1,116.2620391947718
2091,19,s19_g3,left_heel_overload,left_heel_overload,1,69.739448775665
2092,19,s19_g3,left_heel_overload,left_heel_overload,1,84.18075386029011
2093,19,s19_g3,left_heel_overload,left_heel_overload,1,74.68078939741429
2094,19,s19_g3,left_heel_overload,left_heel_overload,1,81.48137079159015
2095,19,s19_g3,left_heel_overload,left_heel_overload,1,121.62254398857883
2096,19,s19_g3,left_heel_overload,left_heel_overload,1,88.03193176337973
2097,19,s19_g3,left_heel_overload,left_heel_overload,1,111.66877891697364
2098,19,s19_g3,left_heel_overload,left_heel_overload,1,66.30643656734955
2099,19,s19_g3,left_heel_overload,left_heel_overload,1,55.28072608069288
2100,19,s19_g4,right_heel_overload,right_heel_overload,1,55.74177902401319
2101,19,s19_g4,right_heel_overload,right_heel_overload,1,44.08125883740315
2102,19,s19_g4,right_heel_overload,right_heel_overload,1,59.160756397873094
2103,19,s19_g4,right_heel_overload,right_heel_overload,1,58.10681071073678
2104,19,s19_g4,right_heel_overload,right_heel_overload,1,77.09395909269843
2105,19,s19_g4,right_heel_overload,right_heel_overload,1,52.171018225876395
2106,19,s19_g4,right_heel_overload,right_heel_overload,1,60.42954081076559
2107,19,s19_g4,right_heel_overload,right_heel_overload,1,59.60286522641624
2108,19,s19_g4,right_heel_overload,right_heel_overload,1,52.36432824153378
2109,19,s19_g4,right_heel_overload,right_heel_overload,1,104.39672036480339
2110,19,s19_g4,right_heel_overload,right_heel_overload,1,63.666881384040764
2111,19,s19_g4,right_heel_overload,right_heel_overload,1,52.726863842675506
2112,19,s19_g5,left_lateral_overload,left_lateral_overload,1,45.18174574363646
2113,19,s19_g5,left_lateral_overload,left_lateral_overload,1,97.1062556127949
2114,19,s19_g5,left_lateral_overload,left_lateral_overload,1,58.20585653830127
2115,19,s19_g5,left_lateral_overload,left_lateral_overload,1,69.73927023765339
2116,19,s19_g5,left_lateral_overload,left_lateral_overload,1,98.05063966060654
2117,19,s19_g5,left_lateral_overload,left_lateral_overload,1,58.12714268651119
2118,19,s19_g5,left_lateral_overload,left_lateral_overload,1,84.53761622866479
2119,19,s19_g5,left_lateral_overload,left_lateral_overload,1,62.891901621984054
2120,19,s19_g5,left_lateral_overload,left_lateral_overload,1,83.25873880834784
2121,19,s19_g5,left_lateral_overload,left_lateral_overload,1,44.201142454387984
2122,19,s19_g5,left_lateral_overload,left_lateral_overload,1,68.58257526745236
2123,19,s19_g5,left_lateral_overload,left_lateral_overload,1,57.57339791889903
2124,19,s19_g6,right_lateral_overload,right_lateral_overload,1,79.93480297058915
2125,19,s19_g6,right_lateral_overload,right_lateral_overload,1,70.02486957235135
2126,19,s19_g6,right_lateral_overload,right_lateral_overload,1,97.07642006816064
2127,19,s19_g6,right_lateral_overload,right_lateral_overload,1,88.94524829473824
2128,19,s19_g6,right_lateral_overload,right_lateral_overload,1,83.94296170980326
2129,19,s19_g6,right_lateral_overload,right_lateral_overload,1,89.32322581787768
2130,19,s19_g6,right_lateral_overload,right_lateral_overload,1,127.52215374465462
2131,19,s19_g6,right_lateral_overload,right_lateral_overload,1,138.25650553760667
2132,19,s19_g6,right_lateral_overload,right_lateral_overload,1,66.26859315018748
2133,19,s19_g6,right_lateral_overload,right_lateral_overload,1,139.2635586973374
2134,19,s19_g6,right_lateral_overload,right_lateral_overload,1,55.18404924324926
2135,19,s19_g6,right_lateral_overload,right_lateral_overload,1,77.38662913882483
2136,19,s19_g7,asymmetric_antalgic,asymmetric_antalgic,1,41.25104510052678
2137,19,s19_g7,asymmetric_antalgic,asymmetric_antalgic,1,54.90637108736291
2138,19,s19_g7,asymmetric_antalgic,asymmetric_antalgic,1,44.1606696815825
2139,19,s19_g7,asymmetric_antalgic,asymmetric_antalgic,1,41.356660262641405
2140,19,s19_g7,asymmetric_antalgic,asymmetric_antalgic,1,39.446543019490186
2141,19,s19_g7,asymmetric_antalgic,asymmetric_antalgic,1,39.71520678263012
2142,19,s19_g7,asymmetric_antalgic,asymmetric_antalgic,1,52.65942831176043
2143,19,s19_g7,asymmetric_antalgic,asymmetric_antalgic,1,39.78729217436394
2144,19,s19_g7,asymmetric_antalgic,shuffling_low_cadence,0,33.96160206206498
2145,19,s19_g7,asymmetric_antalgic,asymmetric_antalgic,1,47.75426631784106
2146,19,s19_g7,asymmetric_antalgic,asymmetric_antalgic,1,39.88324699867863
2147,19,s19_g7,asymmetric_antalgic,asymmetric_antalgic,1,63.320263084853565
2148,19,s19_g8,shuffling_low_cadence,shuffling_low_cadence,1,37.930340347065986
2149,19,s19_g8,shuffling_low_cadence,shuffling_low_cadence,1,27.27332283443603
2150,19,s19_g8,shuffling_low_cadence,shuffling_low_cadence,1,27.023537533112435
2151,19,s19_g8,shuffling_low_cadence,shuffling_low_cadence,1,35.6933246359151
2152,19,s19_g8,shuffling_low_cadence,shuffling_low_cadence,1,30.799092133010507
2153,19,s19_g8,shuffling_low_cadence,shuffling_low_cadence,1,27.26214153476584
2154,19,s19_g8,shuffling_low_cadence,shuffling_low_cadence,1,26.58840534879743
2155,19,s19_g8,shuffling_low_cadence,shuffling_low_cadence,1,28.99332268568046
2156,19,s19_g8,shuffling_low_cadence,shuffling_low_cadence,1,34.37568176186002
2157,19,s19_g8,shuffling_low_cadence,shuffling_low_cadence,1,32.74536917092979
2158,19,s19_g8,shuffling_low_cadence,shuffling_low_cadence,1,29.499911215920726
2159,19,s19_g8,shuffling_low_cadence,shuffling_low_cadence,1,33.296072843521635
2160,20,s20_g0,normal,normal,1,41.91699678852006
2161,20,s20_g0,normal,shuffling_low_cadence,0,42.53838990877544
2162,20,s20_g0,normal,normal,1,39.286379160098264
2163,20,s20_g0,normal,normal,1,51.81813951311673
2164,20,s20_g0,normal,normal,1,52.47913328701921
2165,20,s20_g0,normal,normal,1,39.878636145368
2166,20,s20_g0,normal,right_forefoot_overload,0,57.576056476215356
2167,20,s20_g0,normal,normal,1,54.05761918217751
2168,20,s20_g0,normal,normal,1,50.08755292151325
2169,20,s20_g0,normal,right_forefoot_overload,0,50.326137692863924
2170,20,s20_g0,normal,normal,1,46.96119934104709
2171,20,s20_g0,normal,normal,1,50.29389110132357
2172,20,s20_g1,left_forefoot_overload,left_forefoot_overload,1,88.38331953734323
2173,20,s20_g1,left_forefoot_overload,left_forefoot_overload,1,117.20382900622832
2174,20,s20_g1,left_forefoot_overload,normal,0,60.20425798172268
2175,20,s20_g1,left_forefoot_overload,left_forefoot_overload,1,115.88258129609031
2176,20,s20_g1,left_forefoot_overload,left_forefoot_overload,1,82.48950291090009
2177,20,s20_g1,left_forefoot_overload,left_forefoot_overload,1,66.9261639940674
2178,20,s20_g1,left_forefoot_overload,left_forefoot_overload,1,58.122724960067934
2179,20,s20_g1,left_forefoot_overload,left_forefoot_overload,1,119.6160454299587
2180,20,s20_g1,left_forefoot_overload,left_forefoot_overload,1,124.28224317550907
2181,20,s20_g1,left_forefoot_overload,left_forefoot_overload,1,62.38654293819296
2182,20,s20_g1,left_forefoot_overload,left_forefoot_overload,1,118.58345752509518
2183,20,s20_g1,left_forefoot_overload,normal,0,47.76143891303187
2184,20,s20_g2,right_forefoot_overload,right_forefoot_overload,1,112.37987121761488
2185,20,s20_g2,right_forefoot_overload,right_forefoot_overload,1,84.43070214357873
2186,20,s20_g2,right_forefoot_overload,right_forefoot_overload,1,102.04763101710542
2187,20,s20_g2,right_forefoot_overload,right_forefoot_overload,1,121.96250831560297
2188,20,s20_g2,right_forefoot_overload,right_forefoot_overload,1,112.17387995016814
2189,20,s20_g2,right_forefoot_overload,right_forefoot_overload,1,109.79294329806112
2190,20,s20_g2,right_forefoot_overload,right_forefoot_overload,1,74.38132099439342
2191,20,s20_g2,right_forefoot_overload,right_forefoot_overload,1,156.00896183463308
2192,20,s20_g2,right_forefoot_overload,right_forefoot_overload,1,90.41472243901428
2193,20,s20_g2,right_forefoot_overload,right_forefoot_overload,1,116.25657980695982
2194,20,s20_g2,right_forefoot_overload,right_forefoot_overload,1,108.84258454191301
2195,20,s20_g2,right_forefoot_overload,right_forefoot_overload,1,78.59914064933014
2196,20,s20_g3,left_heel_overload,left_heel_overload,1,114.40167348315398
2197,20,s20_g3,left_heel_overload,left_heel_overload,1,75.14424050712432
2198,20,s20_g3,left_heel_overload,left_heel_overload,1,115.910228262672
2199,20,s20_g3,left_heel_overload,left_heel_overload,1,149.92096124811013
2200,20,s20_g3,left_heel_overload,left_heel_overload,1,97.35341499281367
2201,20,s20_g3,left_heel_overload,left_heel_overload,1,92.96731869920593
2202,20,s20_g3,left_heel_overload,left_heel_overload,1,110.4079648720647
2203,20,s20_g3,left_heel_overload,left_heel_overload,1,58.82626549288204
2204,20,s20_g3,left_heel_overload,left_heel_overload,1,115.09533931810674
2205,20,s20_g3,left_heel_overload,left_heel_overload,1,139.40178147905135
2206,20,s20_g3,left_heel_overload,left_heel_overload,1,112.68197234914376
2207,20,s20_g3,left_heel_overload,left_heel_overload,1,121.13153955330871
2208,20,s20_g4,right_heel_overload,right_heel_overload,1,85.06727530918573
2209,20,s20_g4,right_heel_overload,right_heel_overload,1,120.13174554451994
2210,20,s20_g4,right_heel_overload,right_heel_overload,1,90.72763115295184
2211,20,s20_g4,left_lateral_overload,right_heel_overload,0,47.49535521509508
2212,20,s20_g4,right_heel_overload,right_heel_overload,1,94.88283164335797
2213,20,s20_g4,right_heel_overload,left_lateral_overload,0,98.82559647524934
2214,20,s20_g4,right_heel_overload,right_heel_overload,1,87.74154674414442
2215,20,s20_g4,right_heel_overload,right_heel_overload,1,105.87597336032391
2216,20,s20_g4,right_heel_overload,right_heel_overload,1,102.31898734761731
2217,20,s20_g4,right_heel_overload,right_heel_overload,1,77.36834079753048
2218,20,s20_g4,right_heel_overload,right_heel_overload,1,114.49819573665081
2219,20,s20_g4,right_heel_overload,right_heel_overload,1,106.06822281828438
2220,20,s20_g5,left_lateral_overload,left_lateral_overload,1,95.08677632727787
2221,20,s20_g5,left_lateral_overload,left_lateral_overload,1,172.22320047942964
2222,20,s20_g5,left_lateral_overload,left_lateral_overload,1,144.26680358297762
2223,20,s20_g5,left_lateral_overload,left_lateral_overload,1,123.09532202915693
2224,20,s20_g5,left_lateral_overload,left_lateral_overload,1,89.59452062737391
2225,20,s20_g5,left_lateral_overload,left_lateral_overload,1,90.66262684458076
2226,20,s20_g5,left_forefoot_overload,left_lateral_overload,0,203.40738029737562
2227,20,s20_g5,left_lateral_overload,left_lateral_overload,1,137.78717201843529
2228,20,s20_g5,left_lateral_overload,left_lateral_overload,1,64.00553830916783
2229,20,s20_g5,left_lateral_overload,left_lateral_overload,1,96.9498834574509
2230,20,s20_g5,left_lateral_overload,left_lateral_overload,1,213.3568016893343
2231,20,s20_g5,left_lateral_overload,left_lateral_overload,1,122.70908460065019
2232,20,s20_g6,right_lateral_overload,right_lateral_overload,1,50.01982139333875
2233,20,s20_g6,right_lateral_overload,right_lateral_overload,1,107.94065302652928
2234,20,s20_g6,right_lateral_overload,right_lateral_overload,1,74.88781839942843
2235,20,s20_g6,right_lateral_overload,right_lateral_overload,1,83.61902150096309
2236,20,s20_g6,right_lateral_overload,right_lateral_overload,1,48.146161986122195
2237,20,s20_g6,right_lateral_overload,right_lateral_overload,1,159.8910643283063
2238,20,s20_g6,right_lateral_overload,right_lateral_overload,1,85.9106390487527
2239,20,s20_g6,right_lateral_overload,right_lateral_overload,1,108.82769227134028
2240,20,s20_g6,right_lateral_overload,right_lateral_overload,1,108.85725004859893
2241,20,s20_g6,right_lateral_overload,right_lateral_overload,1,113.14738588154407
2242,20,s20_g6,right_lateral_overload,right_lateral_overload,1,192.94102211260702
2243,20,s20_g6,right_lateral_overload,right_lateral_overload,1,166.3037248977879
2244,20,s20_g7,asymmetric_antalgic,asymmetric_antalgic,1,40.88551695227649
2245,20,s20_g7,asymmetric_antalgic,asymmetric_antalgic,1,102.3328231465963
2246,20,s20_g7,asymmetric_antalgic,asymmetric_antalgic,1,59.452910151797575
2247,20,s20_g7,asymmetric_antalgic,asymmetric_antalgic,1,49.07262222690318
2248,20,s20_g7,asymmetric_antalgic,asymmetric_antalgic,1,61.291676726141716
2249,20,s20_g7,asymmetric_antalgic,asymmetric_antalgic,1,49.90610202975088
2250,20,s20_g7,asymmetric_antalgic,asymmetric_antalgic,1,45.599141627944675
2251,20,s20_g7,asymmetric_antalgic,asymmetric_antalgic,1,72.77439280090834
2252,20,s20_g7,asymmetric_antalgic,asymmetric_antalgic,1,61.387235717827714
2253,20,s20_g7,asymmetric_antalgic,asymmetric_antalgic,1,62.504868468737776
2254,20,s20_g7,asymmetric_antalgic,asymmetric_antalgic,1,52.719797922348924
2255,20,s20_g7,asymmetric_antalgic,asymmetric_antalgic,1,48.06626184722792
2256,20,s20_g8,shuffling_low_cadence,normal,0,38.12679764138396
2257,20,s20_g8,shuffling_low_cadence,shuffling_low_cadence,1,28.965472196003525
2258,20,s20_g8,shuffling_low_cadence,shuffling_low_cadence,1,29.944381336043314
2259,20,s20_g8,shuffling_low_cadence,shuffling_low_cadence,1,29.085732017233127
2260,20,s20_g8,shuffling_low_cadence,shuffling_low_cadence,1,38.59268217993851
2261,20,s20_g8,shuffling_low_cadence,shuffling_low_cadence,1,46.277026695564615
2262,20,s20_g8,shuffling_low_cadence,shuffling_low_cadence,1,31.913676247621737
2263,20,s20_g8,shuffling_low_cadence,shuffling_low_cadence,1,30.483053457700425
2264,20,s20_g8,shuffling_low_cadence,shuffling_low_cadence,1,35.972315347117345
2265,20,s20_g8,shuffling_low_cadence,shuffling_low_cadence,1,39.575884834929155
2266,20,s20_g8,shuffling_low_cadence,shuffling_low_cadence,1,35.27435582680191
2267,20,s20_g8,shuffling_low_cadence,normal,0,38.73857323905738
2268,21,s21_g0,normal,normal,1,54.53941014954111
2269,21,s21_g0,normal,left_forefoot_overload,0,61.28246320405572
2270,21,s21_g0,normal,normal,1,63.94130821884019
2271,21,s21_g0,normal,left_heel_overload,0,44.34612473515435
2272,21,s21_g0,normal,normal,1,47.20967237961367
2273,21,s21_g0,normal,left_forefoot_overload,0,56.203386029369554
2274,21,s21_g0,normal,normal,1,53.030325743721015
2275,21,s21_g0,normal,normal,1,46.569166218406096
2276,21,s21_g0,normal,normal,1,56.003767958677926
2277,21,s21_g0,normal,normal,1,49.97851024056301
2278,21,s21_g0,normal,normal,1,51.17767134238796
2279,21,s21_g0,normal,left_heel_overload,0,43.73293678856735
2280,21,s21_g1,left_forefoot_overload,left_forefoot_overload,1,91.89603855827242
2281,21,s21_g1,left_forefoot_overload,left_forefoot_overload,1,148.14722847684757
2282,21,s21_g1,left_forefoot_overload,left_forefoot_overload,1,96.96541163451846
2283,21,s21_g1,left_forefoot_overload,left_forefoot_overload,1,109.10385740492575
2284,21,s21_g1,left_forefoot_overload,left_forefoot_overload,1,83.51503394119143
2285,21,s21_g1,left_forefoot_overload,left_forefoot_overload,1,100.07184605007114
2286,21,s21_g1,right_lateral_overload,left_forefoot_overload,0,121.59580095766114
2287,21,s21_g1,left_forefoot_overload,left_forefoot_overload,1,115.84566951065567
2288,21,s21_g1,left_forefoot_overload,left_forefoot_overload,1,66.15903421917615
2289,21,s21_g1,left_forefoot_overload,left_forefoot_overload,1,80.72969354684174
2290,21,s21_g1,left_forefoot_overload,left_forefoot_overload,1,118.78856502425667
2291,21,s21_g1,left_forefoot_overload,left_forefoot_overload,1,89.51211338195363
2292,21,s21_g2,right_forefoot_overload,right_forefoot_overload,1,60.31720595218725
2293,21,s21_g2,right_forefoot_overload,right_forefoot_overload,1,119.17128633908379
2294,21,s21_g2,right_forefoot_overload,right_forefoot_overload,1,176.44191892896282
2295,21,s21_g2,right_forefoot_overload,right_forefoot_overload,1,71.70786156447937
2296,21,s21_g2,right_forefoot_overload,right_forefoot_overload,1,68.81564349278882
2297,21,s21_g2,right_forefoot_overload,right_forefoot_overload,1,69.39840013253236
2298,21,s21_g2,right_forefoot_overload,right_forefoot_overload,1,84.55228681504725
2299,21,s21_g2,right_forefoot_overload,right_forefoot_overload,1,120.97460580943613
2300,21,s21_g2,right_forefoot_overload,right_forefoot_overload,1,120.48362814159253
2301,21,s21_g2,right_forefoot_overload,right_forefoot_overload,1,96.44088432614947
2302,21,s21_g2,right_forefoot_overload,right_forefoot_overload,1,71.85049746666229
2303,21,s21_g2,right_forefoot_overload,right_forefoot_overload,1,112.51797381637405
2304,21,s21_g3,left_heel_overload,left_heel_overload,1,103.88700554447009
2305,21,s21_g3,left_heel_overload,left_heel_overload,1,145.16927424367762
2306,21,s21_g3,left_heel_overload,left_heel_overload,1,89.85378721920758
2307,21,s21_g3,left_heel_overload,left_heel_overload,1,199.02759917482925
2308,21,s21_g3,left_heel_overload,left_heel_overload,1,117.56585334567491
2309,21,s21_g3,left_heel_overload,left_heel_overload,1,135.713459025079
2310,21,s21_g3,left_heel_overload,left_heel_overload,1,155.39716736152616
2311,21,s21_g3,left_heel_overload,left_heel_overload,1,111.19321585044601
2312,21,s21_g3,left_heel_overload,left_heel_overload,1,149.81137477488306
2313,21,s21_g3,left_heel_overload,left_heel_overload,1,202.20624454254417
2314,21,s21_g3,left_heel_overload,left_heel_overload,1,108.90560038181013
2315,21,s21_g3,left_heel_overload,left_heel_overload,1,136.9434954698383
2316,21,s21_g4,right_heel_overload,left_forefoot_overload,0,73.60815810721076
2317,21,s21_g4,right_heel_overload,right_heel_overload,1,80.7723300737959
2318,21,s21_g4,right_heel_overload,left_forefoot_overload,0,78.74750956704968
2319,21,s21_g4,right_heel_overload,right_heel_overload,1,74.3600813595039
2320,21,s21_g4,right_heel_overload,right_heel_overload,1,94.7604675115648
2321,21,s21_g4,right_heel_overload,left_forefoot_overload,0,80.31889167560334
2322,21,s21_g4,right_heel_overload,normal,0,62.293850087721765
2323,21,s21_g4,right_heel_overload,left_forefoot_overload,0,75.97916550922282
2324,21,s21_g4,right_heel_overload,right_heel_overload,1,149.69493016225127
2325,21,s21_g4,right_heel_overload,right_heel_overload,1,106.74400647583178
2326,21,s21_g4,right_heel_overload,right_heel_overload,1,119.45727924596486
2327,21,s21_g4,right_heel_overload,left_forefoot_overload,0,77.87562712103203
2328,21,s21_g5,left_lateral_overload,left_lateral_overload,1,99.76390608673528
2329,21,s21_g5,left_lateral_overload,left_lateral_overload,1,93.81278126408557
2330,21,s21_g5,left_lateral_overload,left_forefoot_overload,0,189.43236005763137
2331,21,s21_g5,left_lateral_overload,left_lateral_overload,1,101.45920085919981
2332,21,s21_g5,left_lateral_overload,left_lateral_overload,1,104.3431474821808
2333,21,s21_g5,left_lateral_overload,left_lateral_overload,1,59.85462124736619
2334,21,s21_g5,left_lateral_overload,left_lateral_overload,1,85.15210724252032
2335,21,s21_g5,left_lateral_overload,left_lateral_overload,1,104.98567082727897
2336,21,s21_g5,left_lateral_overload,left_lateral_overload,1,88.37061498619134
2337,21,s21_g5,left_lateral_overload,left_lateral_overload,1,79.77474584268197
2338,21,s21_g5,left_lateral_overload,left_lateral_overload,1,82.99945090414532
2339,21,s21_g5,left_lateral_overload,left_lateral_overload,1,85.83273617758775
2340,21,s21_g6,right_lateral_overload,right_lateral_overload,1,96.18818269867646
2341,21,s21_g6,right_lateral_overload,right_lateral_overload,1,119.81652791366791
2342,21,s21_g6,right_lateral_overload,right_lateral_overload,1,46.92208793455125
2343,21,s21_g6,right_lateral_overload,right_lateral_overload,1,54.4762837820996
2344,21,s21_g6,right_lateral_overload,right_lateral_overload,1,47.370196100174375
2345,21,s21_g6,right_lateral_overload,right_lateral_overload,1,74.41672258960827
2346,21,s21_g6,right_lateral_overload,right_lateral_overload,1,75.09929974766953
2347,21,s21_g6,right_lateral_overload,right_lateral_overload,1,82.06430567506173
2348,21,s21_g6,right_lateral_overload,right_lateral_overload,1,48.9225430203096
2349,21,s21_g6,right_lateral_overload,right_lateral_overload,1,72.42492901878768
2350,21,s21_g6,right_lateral_overload,right_lateral_overload,1,133.21232054961087
2351,21,s21_g6,right_lateral_overload,right_lateral_overload,1,117.1479506854447
2352,21,s21_g7,asymmetric_antalgic,asymmetric_antalgic,1,84.35322498548959
2353,21,s21_g7,asymmetric_antalgic,right_forefoot_overload,0,47.5713974061853
2354,21,s21_g7,asymmetric_antalgic,asymmetric_antalgic,1,45.083588428286866
2355,21,s21_g7,asymmetric_antalgic,asymmetric_antalgic,1,71.82825345037139
2356,21,s21_g7,asymmetric_antalgic,right_forefoot_overload,0,50.30897946904784
2357,21,s21_g7,asymmetric_antalgic,asymmetric_antalgic,1,65.78125009637641
2358,21,s21_g7,asymmetric_antalgic,asymmetric_antalgic,1,48.01138173840759
2359,21,s21_g7,asymmetric_antalgic,asymmetric_antalgic,1,72.2086671314843
2360,21,s21_g7,shuffling_low_cadence,asymmetric_antalgic,0,56.40490163681306
2361,21,s21_g7,asymmetric_antalgic,right_forefoot_overload,0,49.84174062764894
2362,21,s21_g7,asymmetric_antalgic,asymmetric_antalgic,1,83.70017729779106
2363,21,s21_g7,asymmetric_antalgic,asymmetric_antalgic,1,64.03831843849738
2364,21,s21_g8,shuffling_low_cadence,normal,0,45.82829168362644
2365,21,s21_g8,shuffling_low_cadence,normal,0,40.87863191079831
2366,21,s21_g8,shuffling_low_cadence,normal,0,40.63297608668171
2367,21,s21_g8,shuffling_low_cadence,normal,0,43.565536165009455
2368,21,s21_g8,shuffling_low_cadence,normal,0,34.606131793994464
2369,21,s21_g8,right_forefoot_overload,normal,0,43.46422820026789
2370,21,s21_g8,shuffling_low_cadence,shuffling_low_cadence,1,33.321846319546545
2371,21,s21_g8,shuffling_low_cadence,shuffling_low_cadence,1,34.873527363110064
2372,21,s21_g8,shuffling_low_cadence,normal,0,42.50801086241704
2373,21,s21_g8,shuffling_low_cadence,shuffling_low_cadence,1,33.55598873871884
2374,21,s21_g8,shuffling_low_cadence,normal,0,41.10636690509209
2375,21,s21_g8,shuffling_low_cadence,normal,0,44.43760840157625
2376,22,s22_g0,normal,normal,1,33.86964247541
2377,22,s22_g0,normal,normal,1,36.46697524617302
2378,22,s22_g0,normal,normal,1,38.45981303586747
2379,22,s22_g0,normal,normal,1,43.815198188151335
2380,22,s22_g0,normal,normal,1,45.53549427051627
2381,22,s22_g0,normal,normal,1,47.45843426141221
2382,22,s22_g0,normal,normal,1,46.07187623595385
2383,22,s22_g0,normal,normal,1,38.67184457391025
2384,22,s22_g0,normal,normal,1,37.16934365273101
2385,22,s22_g0,normal,normal,1,44.12073273118458
2386,22,s22_g0,normal,normal,1,35.603749926584925
2387,22,s22_g0,normal,normal,1,48.09119205037144
2388,22,s22_g1,left_forefoot_overload,left_forefoot_overload,1,143.69858812113532
2389,22,s22_g1,left_forefoot_overload,left_forefoot_overload,1,82.62827346083759
2390,22,s22_g1,left_forefoot_overload,left_forefoot_overload,1,87.63001428060596
2391,22,s22_g1,left_forefoot_overload,left_forefoot_overload,1,64.84830588920053
2392,22,s22_g1,left_forefoot_overload,left_forefoot_overload,1,90.98035926757504
2393,22,s22_g1,left_forefoot_overload,left_forefoot_overload,1,79.47886003262381
2394,22,s22_g1,left_forefoot_overload,left_forefoot_overload,1,113.84202335044239
2395,22,s22_g1,left_forefoot_overload,left_forefoot_overload,1,72.08905688176257
2396,22,s22_g1,left_forefoot_overload,left_forefoot_overload,1,150.8648547193954
2397,22,s22_g1,left_forefoot_overload,left_forefoot_overload,1,141.04155336606053
2398,22,s22_g1,left_forefoot_overload,left_forefoot_overload,1,68.40895996711633
2399,22,s22_g1,left_forefoot_overload,left_forefoot_overload,1,76.6058893515538
2400,22,s22_g2,asymmetric_antalgic,right_forefoot_overload,0,70.3009098631386
2401,22,s22_g2,right_forefoot_overload,right_forefoot_overload,1,52.14662951286832
2402,22,s22_g2,right_forefoot_overload,right_forefoot_overload,1,52.453743746027826
2403,22,s22_g2,right_forefoot_overload,right_forefoot_overload,1,84.30034295030075
2404,22,s22_g2,right_forefoot_overload,right_forefoot_overload,1,72.89611447544306
2405,22,s22_g2,right_forefoot_overload,right_forefoot_overload,1,92.331127132552
2406,22,s22_g2,right_forefoot_overload,right_forefoot_overload,1,96.33555060378964
2407,22,s22_g2,right_forefoot_overload,right_forefoot_overload,1,71.05742512790982
2408,22,s22_g2,right_forefoot_overload,right_forefoot_overload,1,55.649266173997155
2409,22,s22_g2,right_forefoot_overload,right_forefoot_overload,1,64.84932020785031
2410,22,s22_g2,right_forefoot_overload,right_forefoot_overload,1,43.0500171459391
2411,22,s22_g2,right_forefoot_overload,right_forefoot_overload,1,99.36983143415917
2412,22,s22_g3,left_heel_overload,left_heel_overload,1,111.11992059139479
2413,22,s22_g3,left_heel_overload,left_heel_overload,1,63.792854677385705
2414,22,s22_g3,left_heel_overload,left_heel_overload,1,80.75235355986247
2415,22,s22_g3,left_heel_overload,left_heel_overload,1,79.57624681649041
2416,22,s22_g3,shuffling_low_cadence,left_heel_overload,0,70.88679447221436
2417,22,s22_g3,left_heel_overload,left_heel_overload,1,58.41212307497242
2418,22,s22_g3,left_heel_overload,left_heel_overload,1,93.0791412668772
2419,22,s22_g3,left_heel_overload,left_heel_overload,1,71.76096295094763
2420,22,s22_g3,left_heel_overload,left_heel_overload,1,79.74189364616136
2421,22,s22_g3,left_heel_overload,normal,0,43.316019120200906
2422,22,s22_g3,left_heel_overload,normal,0,39.167366275960006
2423,22,s22_g3,left_heel_overload,normal,0,49.44359069132862
2424,22,s22_g4,right_heel_overload,right_heel_overload,1,115.1543686609203
2425,22,s22_g4,right_heel_overload,right_heel_overload,1,79.27928438042956
2426,22,s22_g4,right_heel_overload,right_heel_overload,1,105.80412592517894
2427,22,s22_g4,right_heel_overload,right_heel_overload,1,76.33381847372063
2428,22,s22_g4,right_heel_overload,right_heel_overload,1,103.27934490176838
2429,22,s22_g4,right_heel_overload,right_heel_overload,1,58.87892621166179
2430,22,s22_g4,right_heel_overload,right_heel_overload,1,72.92988405988375
2431,22,s22_g4,right_heel_overload,right_heel_overload,1,87.99755287912456
2432,22,s22_g4,right_heel_overload,right_heel_overload,1,86.87000947417125
2433,22,s22_g4,right_heel_overload,right_heel_overload,1,84.9369553580677
2434,22,s22_g4,right_heel_overload,right_heel_overload,1,81.26581086197032
2435,22,s22_g4,right_heel_overload,right_heel_overload,1,57.562499958540386
2436,22,s22_g5,left_lateral_overload,left_lateral_overload,1,76.25721624872828
2437,22,s22_g5,left_lateral_overload,left_lateral_overload,1,100.03866028440139
2438,22,s22_g5,left_lateral_overload,left_lateral_overload,1,40.38003596421948
2439,22,s22_g5,left_lateral_overload,left_lateral_overload,1,85.19997473730673
2440,22,s22_g5,left_lateral_overload,left_lateral_overload,1,46.45485470529666
2441,22,s22_g5,left_lateral_overload,left_lateral_overload,1,80.56853542112525
2442,22,s22_g5,left_lateral_overload,left_lateral_overload,1,103.4632607255553
2443,22,s22_g5,left_lateral_overload,left_lateral_overload,1,73.69037557655682
2444,22,s22_g5,left_lateral_overload,left_lateral_overload,1,74.83533256126923
2445,22,s22_g5,left_lateral_overload,left_lateral_overload,1,92.63900583249672
2446,22,s22_g5,left_forefoot_overload,left_lateral_overload,0,46.27244327556094
2447,22,s22_g5,left_lateral_overload,left_lateral_overload,1,43.4922139972061
2448,22,s22_g6,right_lateral_overload,right_lateral_overload,1,114.05257630019021
2449,22,s22_g6,right_lateral_overload,normal,0,49.87629085753665
2450,22,s22_g6,right_lateral_overload,right_lateral_overload,1,72.95830323236208
2451,22,s22_g6,right_lateral_overload,right_lateral_overload,1,102.91990575473798
2452,22,s22_g6,right_lateral_overload,right_lateral_overload,1,63.691269738422605
2453,22,s22_g6,right_lateral_overload,right_lateral_overload,1,62.955601496664116
2454,22,s22_g6,right_lateral_overload,right_lateral_overload,1,53.75106762091044
2455,22,s22_g6,right_lateral_overload,normal,0,46.62162981485302
2456,22,s22_g6,right_lateral_overload,right_lateral_overload,1,112.31945659281497
2457,22,s22_g6,right_lateral_overload,right_lateral_overload,1,54.88553736974743
2458,22,s22_g6,right_lateral_overload,right_lateral_overload,1,81.25985299908207
2459,22,s22_g6,right_lateral_overload,right_lateral_overload,1,65.08394493471015
2460,22,s22_g7,asymmetric_antalgic,asymmetric_antalgic,1,59.35222322484494
2461,22,s22_g7,asymmetric_antalgic,asymmetric_antalgic,1,54.470802197191986
2462,22,s22_g7,asymmetric_antalgic,asymmetric_antalgic,1,47.312595110832135
2463,22,s22_g7,asymmetric_antalgic,asymmetric_antalgic,1,42.5506947048149
2464,22,s22_g7,asymmetric_antalgic,asymmetric_antalgic,1,44.952474066165074
2465,22,s22_g7,asymmetric_antalgic,asymmetric_antalgic,1,39.3549926955051
2466,22,s22_g7,asymmetric_antalgic,asymmetric_antalgic,1,37.248536094283494
2467,22,s22_g7,asymmetric_antalgic,asymmetric_antalgic,1,51.255043230506594
2468,22,s22_g7,asymmetric_antalgic,asymmetric_antalgic,1,48.40410798165353
2469,22,s22_g7,asymmetric_antalgic,asymmetric_antalgic,1,57.14165270901054
2470,22,s22_g7,asymmetric_antalgic,asymmetric_antalgic,1,42.23436571504907
2471,22,s22_g7,asymmetric_antalgic,asymmetric_antalgic,1,54.477517151311474
2472,22,s22_g8,right_lateral_overload,normal,0,28.029452218958042
2473,22,s22_g8,shuffling_low_cadence,shuffling_low_cadence,1,30.555558666880213
2474,22,s22_g8,shuffling_low_cadence,normal,0,23.47689837306458
2475,22,s22_g8,shuffling_low_cadence,shuffling_low_cadence,1,25.10015945465497
2476,22,s22_g8,shuffling_low_cadence,shuffling_low_cadence,1,22.25228261479732
2477,22,s22_g8,shuffling_low_cadence,shuffling_low_cadence,1,22.694303752069942
2478,22,s22_g8,shuffling_low_cadence,normal,0,31.871653867179663
2479,22,s22_g8,shuffling_low_cadence,shuffling_low_cadence,1,32.80884844768491
2480,22,s22_g8,shuffling_low_cadence,shuffling_low_cadence,1,20.490841335818438
2481,22,s22_g8,shuffling_low_cadence,shuffling_low_cadence,1,20.995438626956364
2482,22,s22_g8,shuffling_low_cadence,shuffling_low_cadence,1,27.200242461615225
2483,22,s22_g8,shuffling_low_cadence,normal,0,33.48134231341998
2484,23,s23_g0,normal,left_heel_overload,0,48.96177815870176
2485,23,s23_g0,normal,normal,1,41.73921336236311
2486,23,s23_g0,normal,normal,1,35.995063002032325
2487,23,s23_g0,normal,normal,1,36.406392007977026
2488,23,s23_g0,normal,normal,1,36.94010394476189
2489,23,s23_g0,normal,left_heel_overload,0,43.07860609749046
2490,23,s23_g0,normal,left_heel_overload,0,49.688519453773495
2491,23,s23_g0,normal,normal,1,38.23862453223357
2492,23,s23_g0,normal,normal,1,36.636552011749174
2493,23,s23_g0,normal,normal,1,43.248234087673744
2494,23,s23_g0,right_forefoot_overload,normal,0,39.06305035239126
2495,23,s23_g0,normal,left_heel_overload,0,48.87775978288546
2496,23,s23_g1,left_forefoot_overload,left_forefoot_overload,1,59.909014444408044
2497,23,s23_g1,left_forefoot_overload,left_forefoot_overload,1,61.78057429669692
2498,23,s23_g1,left_forefoot_overload,left_forefoot_overload,1,76.12958355945021
2499,23,s23_g1,left_forefoot_overload,left_forefoot_overload,1,57.50796193345026
2500,23,s23_g1,left_forefoot_overload,left_forefoot_overload,1,109.17009962257166
2501,23,s23_g1,left_forefoot_overload,left_forefoot_overload,1,68.21830438452972
2502,23,s23_g1,left_forefoot_overload,left_forefoot_overload,1,64.90117985517917
2503,23,s23_g1,left_forefoot_overload,left_forefoot_overload,1,148.07312995742623
2504,23,s23_g1,left_forefoot_overload,left_forefoot_overload,1,61.42296051561787
2505,23,s23_g1,right_heel_overload,left_forefoot_overload,0,81.27353569020163
2506,23,s23_g1,left_forefoot_overload,left_forefoot_overload,1,70.0720633994976
2507,23,s23_g1,left_forefoot_overload,left_forefoot_overload,1,64.5783969103686
2508,23,s23_g2,right_forefoot_overload,right_forefoot_overload,1,80.29331203069486
2509,23,s23_g2,right_forefoot_overload,right_forefoot_overload,1,65.04859868964645
2510,23,s23_g2,right_forefoot_overload,right_forefoot_overload,1,74.51969178056811
2511,23,s23_g2,right_forefoot_overload,right_forefoot_overload,1,53.09038378041614
2512,23,s23_g2,right_forefoot_overload,right_forefoot_overload,1,88.91503364675489
2513,23,s23_g2,right_forefoot_overload,right_forefoot_overload,1,56.55786373127946
2514,23,s23_g2,right_forefoot_overload,right_forefoot_overload,1,78.38074847446633
2515,23,s23_g2,right_forefoot_overload,right_forefoot_overload,1,48.07525452148073
2516,23,s23_g2,right_forefoot_overload,right_forefoot_overload,1,80.33577822648553
2517,23,s23_g2,right_forefoot_overload,right_forefoot_overload,1,129.495134424874
2518,23,s23_g2,right_forefoot_overload,right_forefoot_overload,1,88.68559024288952
2519,23,s23_g2,right_forefoot_overload,right_forefoot_overload,1,74.76345289214876
2520,23,s23_g3,left_heel_overload,left_heel_overload,1,64.49400274657397
2521,23,s23_g3,left_heel_overload,left_heel_overload,1,58.59221835501553
2522,23,s23_g3,left_heel_overload,left_heel_overload,1,59.48453903991215
2523,23,s23_g3,left_heel_overload,left_heel_overload,1,84.82351907260286
2524,23,s23_g3,left_heel_overload,left_heel_overload,1,80.98393053936468
2525,23,s23_g3,left_heel_overload,left_heel_overload,1,131.2096338339361
2526,23,s23_g3,left_heel_overload,left_heel_overload,1,139.07627959839448
2527,23,s23_g3,left_heel_overload,left_heel_overload,1,64.47248514247431
2528,23,s23_g3,left_heel_overload,left_heel_overload,1,77.91787682442833
2529,23,s23_g3,left_heel_overload,left_heel_overload,1,60.187246215391966
2530,23,s23_g3,left_heel_overload,left_heel_overload,1,91.13746945069396
2531,23,s23_g3,left_heel_overload,left_heel_overload,1,64.38888477041459
2532,23,s23_g4,right_heel_overload,right_heel_overload,1,91.14511243810442
2533,23,s23_g4,right_heel_overload,right_heel_overload,1,69.41953351056387
2534,23,s23_g4,right_heel_overload,right_heel_overload,1,67.48676593898838
2535,23,s23_g4,right_heel_overload,right_heel_overload,1,59.76875517846295
2536,23,s23_g4,right_heel_overload,right_heel_overload,1,66.29608404465627
2537,23,s23_g4,right_heel_overload,right_heel_overload,1,81.02470213013886
2538,23,s23_g4,right_heel_overload,right_heel_overload,1,76.85818074514088
2539,23,s23_g4,right_heel_overload,right_heel_overload,1,74.89264462589112
2540,23,s23_g4,right_heel_overload,right_heel_overload,1,47.883085170067275
2541,23,s23_g4,right_heel_overload,right_heel_overload,1,120.62446103646222
2542,23,s23_g4,right_heel_overload,right_heel_overload,1,79.63737948888706
2543,23,s23_g4,right_heel_overload,right_heel_overload,1,60.74110613626321
2544,23,s23_g5,left_lateral_overload,left_lateral_overload,1,44.22942565767447
2545,23,s23_g5,left_lateral_overload,normal,0,40.59893760643874
2546,23,s23_g5,left_lateral_overload,left_lateral_overload,1,123.55526120290678
2547,23,s23_g5,left_lateral_overload,left_lateral_overload,1,97.68711594619877
2548,23,s23_g5,left_lateral_overload,left_lateral_overload,1,93.1296467720899
2549,23,s23_g5,left_lateral_overload,normal,0,38.683967473438386
2550,23,s23_g5,left_lateral_overload,normal,0,41.30660786191502
2551,23,s23_g5,left_lateral_overload,left_heel_overload,0,52.43202245556457
2552,23,s23_g5,left_lateral_overload,left_lateral_overload,1,87.79324326371221
2553,23,s23_g5,left_lateral_overload,left_lateral_overload,1,120.42249041170761
2554,23,s23_g5,left_lateral_overload,left_lateral_overload,1,109.93617474578062
2555,23,s23_g5,left_lateral_overload,left_lateral_overload,1,76.61157446127895
2556,23,s23_g6,right_lateral_overload,right_forefoot_overload,0,148.07486419000878
2557,23,s23_g6,right_lateral_overload,right_lateral_overload,1,107.03194594637061
2558,23,s23_g6,right_lateral_overload,right_lateral_overload,1,140.412920772143
2559,23,s23_g6,right_lateral_overload,right_forefoot_overload,0,86.48609639828716
2560,23,s23_g6,right_lateral_overload,right_lateral_overload,1,65.9634146563298
2561,23,s23_g6,right_lateral_overload,left_heel_overload,0,56.318321604096674
2562,23,s23_g6,right_lateral_overload,right_lateral_overload,1,72.29905145745005
2563,23,s23_g6,right_lateral_overload,right_lateral_overload,1,55.14115286301475
2564,23,s23_g6,right_lateral_overload,right_forefoot_overload,0,106.34663073846231
2565,23,s23_g6,left_forefoot_overload,right_lateral_overload,0,67.66562229916046
2566,23,s23_g6,right_lateral_overload,right_forefoot_overload,0,105.77320986048292
2567,23,s23_g6,right_lateral_overload,right_lateral_overload,1,60.33257347967596
2568,23,s23_g7,asymmetric_antalgic,asymmetric_antalgic,1,44.636018476449905
2569,23,s23_g7,asymmetric_antalgic,asymmetric_antalgic,1,57.80790898390905
2570,23,s23_g7,asymmetric_antalgic,asymmetric_antalgic,1,62.378876300619034
2571,23,s23_g7,asymmetric_antalgic,asymmetric_antalgic,1,80.4539201926936
2572,23,s23_g7,asymmetric_antalgic,asymmetric_antalgic,1,73.85529931633016
2573,23,s23_g7,asymmetric_antalgic,asymmetric_antalgic,1,78.79006257823006
2574,23,s23_g7,asymmetric_antalgic,asymmetric_antalgic,1,63.28677705380976
2575,23,s23_g7,asymmetric_antalgic,asymmetric_antalgic,1,53.662704642433354
2576,23,s23_g7,asymmetric_antalgic,asymmetric_antalgic,1,55.41319915824779
2577,23,s23_g7,asymmetric_antalgic,asymmetric_antalgic,1,52.085436262710225
2578,23,s23_g7,asymmetric_antalgic,asymmetric_antalgic,1,50.291453232809396
2579,23,s23_g7,asymmetric_antalgic,asymmetric_antalgic,1,49.96670246617013
2580,23,s23_g8,shuffling_low_cadence,left_heel_overload,0,30.961839015221265
2581,23,s23_g8,shuffling_low_cadence,left_forefoot_overload,0,32.4930065292337
2582,23,s23_g8,shuffling_low_cadence,normal,0,34.9638426035784
2583,23,s23_g8,shuffling_low_cadence,left_heel_overload,0,28.963599071072093
2584,23,s23_g8,shuffling_low_cadence,left_heel_overload,0,29.112613072101276
2585,23,s23_g8,shuffling_low_cadence,left_heel_overload,0,28.544234508045392
2586,23,s23_g8,shuffling_low_cadence,right_heel_overload,0,31.637196268902784
2587,23,s23_g8,shuffling_low_cadence,right_heel_overload,0,36.48179688576694
2588,23,s23_g8,shuffling_low_cadence,left_heel_overload,0,32.83346234479517
2589,23,s23_g8,shuffling_low_cadence,left_heel_overload,0,27.53505123711878
2590,23,s23_g8,shuffling_low_cadence,normal,0,33.945459597441
2591,23,s23_g8,shuffling_low_cadence,left_forefoot_overload,0,28.505013920711004
